timestamp_utc,local_time_pdt,radiation_wm2,maxSolarRad_wm2,luminosity_lux,rainRate,kcs,kcs_sane
2026-06-22T12:19:00Z,5:19,0.06463636363636364,0,8.181818181818182,0,,
2026-06-22T12:20:00Z,5:20,0.079,0,10.0,0,,
2026-06-22T12:21:00Z,5:21,0.079,0,10.0,0,,
2026-06-22T12:22:00Z,5:22,0.11490909090909093,0,14.545454545454545,0,,
2026-06-22T12:23:00Z,5:23,0.158,0,20.0,0,,
2026-06-22T12:24:00Z,5:24,0.2040833333333334,0,25.833333333333332,0,,
2026-06-22T12:25:00Z,5:25,0.2501666666666667,0,31.666666666666668,0,,
2026-06-22T12:26:00Z,5:26,0.316,0,40.0,0,,
2026-06-22T12:27:00Z,5:27,0.395,0,50.0,0,,
2026-06-22T12:28:00Z,5:28,0.48716666666666675,0,61.666666666666664,0,,
2026-06-22T12:29:00Z,5:29,0.5924999999999999,0,75.0,0,,
2026-06-22T12:30:00Z,5:30,0.7110000000000002,0,90.0,0,,
2026-06-22T12:31:00Z,5:31,0.8360833333333333,0,105.83333333333333,0,,
2026-06-22T12:32:00Z,5:32,1.0006666666666668,0,126.66666666666667,0,,
2026-06-22T12:33:00Z,5:33,1.1634545454545455,0,147.27272727272728,0,,
2026-06-22T12:34:00Z,5:34,1.3495833333333336,0,170.83333333333334,0,,
2026-06-22T12:35:00Z,5:35,1.5668333333333333,0,198.33333333333334,0,,
2026-06-22T12:36:00Z,5:36,1.8235833333333338,0,230.83333333333334,0,,
2026-06-22T12:37:00Z,5:37,2.068363636363636,0,261.8181818181818,0,,
2026-06-22T12:38:00Z,5:38,2.3436666666666675,0,296.6666666666667,0,,
2026-06-22T12:39:00Z,5:39,2.6728333333333336,0,338.3333333333333,0,,
2026-06-22T12:40:00Z,5:40,3.0085833333333327,0,380.8333333333333,0,,
2026-06-22T12:41:00Z,5:41,3.375454545454545,0,427.27272727272725,0,,
2026-06-22T12:42:00Z,5:42,3.7525000000000013,0,475.0,0,,
2026-06-22T12:43:00Z,5:43,4.1738333333333335,0,528.3333333333334,0,,
2026-06-22T12:44:00Z,5:44,4.621500000000001,2.384183744925932e-05,585.0,0,193839.925712,NO
2026-06-22T12:45:00Z,5:45,5.077545454545454,0.0009541656596001609,642.7272727272727,0,5321.450634,NO
2026-06-22T12:46:00Z,5:46,5.576083333333334,0.0033452535822905086,705.8333333333334,0,1666.864169,NO
2026-06-22T12:47:00Z,5:47,6.109333333333332,0.007892077379336662,773.3333333333334,0,774.10966,NO
2026-06-22T12:48:00Z,5:48,6.6647272727272755,0.015371559363163893,843.6363636363636,0,433.575223,NO
2026-06-22T12:49:00Z,5:49,7.2285,0.027594570871870422,915.0,0,261.953702,NO
2026-06-22T12:50:00Z,5:50,7.886833333333335,0.04731153830883885,998.3333333333334,0,166.699998,NO
2026-06-22T12:51:00Z,5:51,8.564916666666669,0.07703811599258391,1084.1666666666667,0,111.17765,NO
2026-06-22T12:52:00Z,5:52,9.264545454545456,0.11805436873288624,1172.7272727272727,0,78.476939,NO
2026-06-22T12:53:00Z,5:53,9.980333333333334,0.17475424998791758,1263.3333333333333,0,57.110676,NO
2026-06-22T12:54:00Z,5:54,10.770333333333335,0.2548088103080917,1363.3333333333333,0,42.268293,NO
2026-06-22T12:55:00Z,5:55,11.626166666666668,0.36179546815486835,1471.6666666666667,0,32.134639,NO
2026-06-22T12:56:00Z,5:56,12.482000000000001,0.4927149650993528,1580.0,0,25.333105,NO
2026-06-22T12:57:00Z,5:57,13.351,0.6568395960761898,1690.0,0,20.326119,NO
2026-06-22T12:58:00Z,5:58,14.25291666666667,0.8669630700245881,1804.1666666666667,0,16.440051,NO
2026-06-22T12:59:00Z,5:59,15.124909090909092,1.112622540309148,1914.5454545454545,0,13.593927,NO
2026-06-22T13:00:00Z,6:00,16.05675,1.4036018379782191,2032.5,0,11.439676,NO
2026-06-22T13:01:00Z,6:01,17.024500000000003,1.7598383474242567,2155.0,0,9.6739,NO
2026-06-22T13:02:00Z,6:02,17.972500000000004,2.176808548803096,2275.0,0,8.256353,NO
2026-06-22T13:03:00Z,6:03,18.91690909090909,2.631457925797162,2394.5454545454545,0,7.188756,NO
2026-06-22T13:04:00Z,6:04,19.894833333333334,3.147568313641184,2518.3333333333335,0,6.320699,NO
2026-06-22T13:05:00Z,6:05,20.954750000000004,3.7536894092317006,2652.5,0,5.582441,NO
2026-06-22T13:06:00Z,6:06,22.12,4.430370332050038,2800.0,0,4.992811,NO
2026-06-22T13:07:00Z,6:07,23.254727272727276,5.143550584271219,2943.6363636363635,0,4.521143,NO
2026-06-22T13:08:00Z,6:08,24.483416666666674,5.927317858768082,3099.1666666666665,0,4.130606,NO
2026-06-22T13:09:00Z,6:09,25.83300000000001,6.81800705173831,3270.0,0,3.788937,NO
2026-06-22T13:10:00Z,6:10,27.11016666666667,7.783121475206908,3431.6666666666665,0,3.4832,NO
2026-06-22T13:11:00Z,6:11,28.332272727272724,8.782321463075696,3586.3636363636365,0,3.226057,NO
2026-06-22T13:12:00Z,6:12,29.53283333333333,9.86151149740779,3738.3333333333335,0,2.994757,NO
2026-06-22T13:13:00Z,6:13,30.802818181818182,11.033363630946452,3899.090909090909,0,2.791789,NO
2026-06-22T13:14:00Z,6:14,32.146416666666674,12.25317148586525,4069.1666666666665,0,2.623518,NO
2026-06-22T13:15:00Z,6:15,33.07466666666667,13.594188889572287,4186.666666666667,0,2.433,NO
2026-06-22T13:16:00Z,6:16,34.235727272727274,14.949302267329307,4333.636363636364,0,2.290122,NO
2026-06-22T13:17:00Z,6:17,35.96475,16.37444069618959,4552.5,0,2.196396,NO
2026-06-22T13:18:00Z,6:18,37.5645,17.931656686451888,4755.0,0,2.094871,NO
2026-06-22T13:19:00Z,6:19,39.07627272727273,19.494640643392703,4946.363636363636,0,2.004462,NO
2026-06-22T13:20:00Z,6:20,40.711333333333336,21.12929372483022,5153.333333333333,0,1.926772,NO
2026-06-22T13:21:00Z,6:21,42.33741666666666,22.90291830487084,5359.166666666667,0,1.84856,NO
2026-06-22T13:22:00Z,6:22,43.81866666666667,24.72508941350166,5546.666666666667,0,1.772235,NO
2026-06-22T13:23:00Z,6:23,45.20954545454546,26.536292032973964,5722.727272727273,0,1.703687,NO
2026-06-22T13:24:00Z,6:24,46.67583333333334,28.40875621298227,5908.333333333333,0,1.643009,NO
2026-06-22T13:25:00Z,6:25,48.44016666666667,30.42450934877016,6131.666666666667,0,1.592143,NO
2026-06-22T13:26:00Z,6:26,49.956727272727285,32.41491468563047,6323.636363636364,0,1.541165,NO
2026-06-22T13:27:00Z,6:27,51.32366666666667,34.471937777013444,6496.666666666667,0,1.488854,NO
2026-06-22T13:28:00Z,6:28,52.71275000000001,36.657694146985556,6672.5,0,1.437972,NO
2026-06-22T13:29:00Z,6:29,54.18741666666667,38.903391385083374,6859.166666666667,0,1.392871,NO
2026-06-22T13:30:00Z,6:30,55.687818181818194,41.10585421338215,7049.090909090909,0,1.354742,NO
2026-06-22T13:31:00Z,6:31,57.20258333333334,43.36887756747302,7240.833333333333,0,1.318978,NO
2026-06-22T13:32:00Z,6:32,58.808916666666676,45.769171046358814,7444.166666666667,0,1.284902,NO
2026-06-22T13:33:00Z,6:33,60.38233333333335,48.230617273698556,7643.333333333333,0,1.25195,NO
2026-06-22T13:34:00Z,6:34,61.94318181818182,50.6397107663531,7840.909090909091,0,1.223214,NO
2026-06-22T13:35:00Z,6:35,63.16708333333333,53.081184860098766,7995.833333333333,0,1.190009,YES
2026-06-22T13:36:00Z,6:36,64.72075000000001,55.67353857574039,8192.5,0,1.162505,YES
2026-06-22T13:37:00Z,6:37,66.24150000000002,58.325899958789755,8385.0,0,1.135713,YES
2026-06-22T13:38:00Z,6:38,67.83227272727272,60.90273229632073,8586.363636363636,0,1.11378,YES
2026-06-22T13:39:00Z,6:39,69.44758333333334,63.516349835048565,8790.833333333334,0,1.093381,YES
2026-06-22T13:40:00Z,6:40,70.94858333333335,66.29495896076632,8980.833333333334,0,1.070196,YES
2026-06-22T13:41:00Z,6:41,72.66025,69.10671679925915,9197.5,0,1.051421,YES
2026-06-22T13:42:00Z,6:42,74.06609090909092,71.83570796006255,9375.454545454546,0,1.031048,YES
2026-06-22T13:43:00Z,6:43,75.61616666666667,74.60641894449608,9571.666666666666,0,1.013534,YES
2026-06-22T13:44:00Z,6:44,77.32125,77.52990257409307,9787.5,0,0.997309,YES
2026-06-22T13:45:00Z,6:45,79.32916666666668,80.4853759773914,10041.666666666666,0,0.985635,YES
2026-06-22T13:46:00Z,6:46,81.51363636363637,83.37023490432325,10318.181818181818,0,0.977731,YES
2026-06-22T13:47:00Z,6:47,84.08891666666668,86.2682725934153,10644.166666666666,0,0.974737,YES
2026-06-22T13:48:00Z,6:48,86.54450000000001,89.31852608642753,10955.0,0,0.968942,YES
2026-06-22T13:49:00Z,6:49,87.66127272727273,92.28680070481764,11096.363636363636,0,0.949879,YES
2026-06-22T13:50:00Z,6:50,88.11133333333335,95.27904470390298,11153.333333333334,0,0.924771,YES
2026-06-22T13:51:00Z,6:51,89.18441666666668,98.41947398395443,11289.166666666666,0,0.906166,YES
2026-06-22T13:52:00Z,6:52,90.91583333333335,101.61490045755626,11508.333333333334,0,0.89471,YES
2026-06-22T13:53:00Z,6:53,92.65263636363638,104.6832195620186,11728.181818181818,0,0.885076,YES
2026-06-22T13:54:00Z,6:54,95.26083333333332,107.77739200291722,12058.333333333334,0,0.883867,YES
2026-06-22T13:55:00Z,6:55,98.24966666666667,111.03997172697382,12436.666666666666,0,0.884814,YES
2026-06-22T13:56:00Z,6:56,101.66641666666668,114.32391037314768,12869.166666666666,0,0.889284,YES
2026-06-22T13:57:00Z,6:57,105.84563636363636,117.49114470179475,13398.181818181818,0,0.900882,YES
2026-06-22T13:58:00Z,6:58,109.099,120.68419598347282,13810.0,0,0.904004,YES
2026-06-22T13:59:00Z,6:59,111.44266666666665,124.04332633200853,14106.666666666666,0,0.898417,YES
2026-06-22T14:00:00Z,7:00,112.48283333333336,127.41606341137349,14238.333333333334,0,0.882799,YES
2026-06-22T14:01:00Z,7:01,112.63245454545455,130.67079773273602,14257.272727272728,0,0.861956,YES
2026-06-22T14:02:00Z,7:02,112.62766666666666,133.96576225229066,14256.666666666666,0,0.84072,YES
2026-06-22T14:03:00Z,7:03,113.34525000000001,137.41036358302935,14347.5,0,0.824867,YES
2026-06-22T14:04:00Z,7:04,114.70800000000003,140.74249279543162,14520.0,0,0.81502,YES
2026-06-22T14:05:00Z,7:05,116.82125,144.07566344417685,14787.5,0,0.810833,YES
2026-06-22T14:06:00Z,7:06,119.09908333333335,147.5799098926216,15075.833333333334,0,0.807014,YES
2026-06-22T14:07:00Z,7:07,121.36375000000002,151.09250200031974,15362.5,0,0.803241,YES
2026-06-22T14:08:00Z,7:08,123.36209090909095,154.48042526979228,15615.454545454546,0,0.798561,YES
2026-06-22T14:09:00Z,7:09,126.40658333333333,157.88166988271442,16000.833333333334,0,0.800641,YES
2026-06-22T14:10:00Z,7:10,130.1459166666667,161.4551535213848,16474.166666666668,0,0.806081,YES
2026-06-22T14:11:00Z,7:11,135.62983333333338,165.02525389229382,17168.333333333332,0,0.821873,YES
2026-06-22T14:12:00Z,7:12,140.73490909090913,168.46736917084252,17814.545454545456,0,0.835384,YES
2026-06-22T14:13:00Z,7:13,145.14275,171.93103186758552,18372.5,0,0.844192,YES
2026-06-22T14:14:00Z,7:14,150.87683333333334,175.559519843135,19098.333333333332,0,0.859406,YES
2026-06-22T14:15:00Z,7:15,158.0395,179.18720106044486,20005.0,0,0.88198,YES
2026-06-22T14:16:00Z,7:16,166.2447272727273,182.70538539470706,21043.636363636364,0,0.909906,YES
2026-06-22T14:17:00Z,7:17,173.31283333333332,186.20824405166493,21938.333333333332,0,0.930747,YES
2026-06-22T14:18:00Z,7:18,175.83425,189.87901194250261,22257.5,0,0.926033,YES
2026-06-22T14:19:00Z,7:19,147.4427272727273,193.42728377847558,18663.636363636364,0,0.762264,YES
2026-06-22T14:20:00Z,7:20,146.09075,196.96970373424304,18492.5,0,0.741691,YES
2026-06-22T14:21:00Z,7:21,143.32575,200.6748393821929,18142.5,0,0.714219,YES
2026-06-22T14:22:00Z,7:22,133.22033333333337,204.41621484863379,16863.333333333332,0,0.651711,YES
2026-06-22T14:23:00Z,7:23,127.07509090909092,207.98821348619458,16085.454545454546,0,0.610973,YES
2026-06-22T14:24:00Z,7:24,122.30516666666666,211.5742761352416,15481.666666666666,0,0.578072,YES
2026-06-22T14:25:00Z,7:25,120.56058333333334,215.3353506623749,15260.833333333334,0,0.559874,YES
2026-06-22T14:26:00Z,7:26,122.13400000000001,219.09568942753083,15460.0,0,0.557446,YES
2026-06-22T14:27:00Z,7:27,124.82000000000002,222.71119930739818,15800.0,0,0.560457,YES
2026-06-22T14:28:00Z,7:28,126.00500000000004,226.33998535613833,15950.0,0,0.556707,YES
2026-06-22T14:29:00Z,7:29,124.21433333333334,230.11546228058566,15723.333333333334,0,0.539791,YES
2026-06-22T14:30:00Z,7:30,120.69763636363638,233.74831068385245,15278.181818181818,0,0.516357,YES
2026-06-22T14:31:00Z,7:31,117.51908333333334,237.40571084742342,14875.833333333334,0,0.495014,YES
2026-06-22T14:32:00Z,7:32,115.86666666666667,241.20878756212414,14666.666666666666,0,0.480358,YES
2026-06-22T14:33:00Z,7:33,114.20108333333336,245.01889174912662,14455.833333333334,0,0.466091,YES
2026-06-22T14:34:00Z,7:34,112.79045454545457,248.69159431516107,14277.272727272728,0,0.453535,YES
2026-06-22T14:35:00Z,7:35,111.6796666666667,252.3518704120563,14136.666666666666,0,0.442555,YES
2026-06-22T14:36:00Z,7:36,111.06741666666669,256.1807577901881,14059.166666666666,0,0.433551,YES
2026-06-22T14:37:00Z,7:37,111.10691666666668,260.0415891357066,14064.166666666666,0,0.427266,YES
2026-06-22T14:38:00Z,7:38,112.48163636363637,263.7226417759171,14238.181818181818,0,0.426515,YES
2026-06-22T14:39:00Z,7:39,114.04966666666671,267.40288082939986,14436.666666666666,0,0.426509,YES
2026-06-22T14:40:00Z,7:40,114.2735,271.2634888322049,14465.0,0,0.421264,YES
2026-06-22T14:41:00Z,7:41,114.64875,275.12361374803555,14512.5,0,0.416717,YES
2026-06-22T14:42:00Z,7:42,115.67754545454545,278.8233846920548,14642.727272727272,0,0.414877,YES
2026-06-22T14:43:00Z,7:43,116.55133333333333,282.5414223000895,14753.333333333334,0,0.412511,YES
2026-06-22T14:44:00Z,7:44,117.80875000000002,286.41382933978883,14912.5,0,0.411324,YES
2026-06-22T14:45:00Z,7:45,131.48233333333334,290.2741255313091,16643.333333333332,0,0.452959,YES
2026-06-22T14:46:00Z,7:46,156.341,293.98873163071715,19790.0,0,0.531792,YES
2026-06-22T14:47:00Z,7:47,145.12300000000002,297.70918932636835,18370.0,0,0.487466,YES
2026-06-22T14:48:00Z,7:48,137.40733333333338,301.5946467466152,17393.333333333332,0,0.455603,YES
2026-06-22T14:49:00Z,7:49,126.21566666666666,305.4722585476113,15976.666666666666,0,0.413182,YES
2026-06-22T14:50:00Z,7:50,121.43018181818182,309.19179213801294,15370.90909090909,0,0.392734,YES
2026-06-22T14:51:00Z,7:51,118.30908333333332,312.92257973573504,14975.833333333334,0,0.378078,YES
2026-06-22T14:52:00Z,7:52,116.7554166666667,316.8173979796693,14779.166666666666,0,0.368526,YES
2026-06-22T14:53:00Z,7:53,117.09116666666667,320.7087665995717,14821.666666666666,0,0.365101,YES
2026-06-22T14:54:00Z,7:54,119.55572727272728,324.43557053396904,15133.636363636364,0,0.368504,YES
2026-06-22T14:55:00Z,7:55,122.24591666666669,328.1834434030458,15474.166666666666,0,0.372493,YES
2026-06-22T14:56:00Z,7:56,123.57575000000001,332.0895009465341,15642.5,0,0.372116,YES
2026-06-22T14:57:00Z,7:57,123.21127272727273,335.8543793227699,15596.363636363636,0,0.366859,YES
2026-06-22T14:58:00Z,7:58,121.96283333333334,339.6339629201401,15438.333333333334,0,0.359101,YES
2026-06-22T14:59:00Z,7:59,121.5546666666667,343.5635530437599,15386.666666666666,0,0.353805,YES
2026-06-22T15:00:00Z,8:00,121.8898181818182,347.3320169857291,15429.09090909091,0,0.350932,YES
2026-06-22T15:01:00Z,8:01,122.45000000000003,351.07365670460416,15500.0,0,0.348787,YES
2026-06-22T15:02:00Z,8:02,123.52966666666669,354.9879240173944,15636.666666666666,0,0.347983,YES
2026-06-22T15:03:00Z,8:03,124.91875,358.8808011283282,15812.5,0,0.348079,YES
2026-06-22T15:04:00Z,8:04,127.42699999999999,362.61807176042623,16130.0,0,0.351408,YES
2026-06-22T15:05:00Z,8:05,131.73250000000002,366.37361539171957,16675.0,0,0.359558,YES
2026-06-22T15:06:00Z,8:06,137.68383333333335,370.2754547018969,17428.333333333332,0,0.371842,YES
2026-06-22T15:07:00Z,8:07,142.40109090909095,374.0169216372464,18025.454545454544,0,0.380734,YES
2026-06-22T15:08:00Z,8:08,144.43175,377.7689437846869,18282.5,0,0.382328,YES
2026-06-22T15:09:00Z,8:09,144.63583333333332,381.6623189440122,18308.333333333332,0,0.378963,YES
2026-06-22T15:10:00Z,8:10,144.38566666666668,385.55424312358474,18276.666666666668,0,0.374489,YES
2026-06-22T15:11:00Z,8:11,144.23963636363638,389.2925601701514,18258.18181818182,0,0.370517,YES
2026-06-22T15:12:00Z,8:12,144.16841666666667,393.02104055272457,18249.166666666668,0,0.366821,YES
2026-06-22T15:13:00Z,8:13,143.27966666666669,396.9130858774595,18136.666666666668,0,0.360985,YES
2026-06-22T15:14:00Z,8:14,141.69966666666667,400.80833573142536,17936.666666666668,0,0.353535,YES
2026-06-22T15:15:00Z,8:15,141.0365454545455,404.5294277406047,17852.727272727272,0,0.348643,YES
2026-06-22T15:16:00Z,8:16,141.85108333333332,408.2487567460817,17955.833333333332,0,0.347462,YES
2026-06-22T15:17:00Z,8:17,143.148,412.14216564158255,18120.0,0,0.347327,YES
2026-06-22T15:18:00Z,8:18,144.53708333333336,416.02228426532156,18295.833333333332,0,0.347426,YES
2026-06-22T15:19:00Z,8:19,146.28645454545455,419.73485183100115,18517.272727272728,0,0.348521,YES
2026-06-22T15:20:00Z,8:20,148.68458333333334,423.4421773670149,18820.833333333332,0,0.351133,YES
2026-06-22T15:21:00Z,8:21,150.78466666666668,427.31864907122963,19086.666666666668,0,0.352862,YES
2026-06-22T15:22:00Z,8:22,152.00258333333335,431.18126425862494,19240.833333333332,0,0.352526,YES
2026-06-22T15:23:00Z,8:23,152.67109090909096,434.88200932071663,19325.454545454544,0,0.351063,YES
2026-06-22T15:24:00Z,8:24,153.10858333333334,438.59179547244366,19380.833333333332,0,0.349091,YES
2026-06-22T15:25:00Z,8:25,154.03025000000002,442.4437882539541,19497.5,0,0.348135,YES
2026-06-22T15:26:00Z,8:26,155.20866666666666,446.2866372628732,19646.666666666668,0,0.347778,YES
2026-06-22T15:27:00Z,8:27,156.70009090909093,450.0018864615526,19835.454545454544,0,0.348221,YES
2026-06-22T15:28:00Z,8:28,158.5464166666667,453.6884900931348,20069.166666666668,0,0.349461,YES
2026-06-22T15:29:00Z,8:29,161.46283333333335,457.53992970892836,20438.333333333332,0,0.352893,YES
2026-06-22T15:30:00Z,8:30,166.15854545454548,461.2173343535106,21032.727272727272,0,0.360261,YES
2026-06-22T15:31:00Z,8:31,172.68741666666673,464.89087665480037,21859.166666666668,0,0.371458,YES
2026-06-22T15:32:00Z,8:32,180.0805,468.73396358291126,22795.0,0,0.384185,YES
2026-06-22T15:33:00Z,8:33,187.54600000000002,472.54617582627833,23740.0,0,0.396884,YES
2026-06-22T15:34:00Z,8:34,192.12800000000004,476.2016730240312,24320.0,0,0.403459,YES
2026-06-22T15:35:00Z,8:35,192.9575,479.8500000401653,24425.0,0,0.40212,YES
2026-06-22T15:36:00Z,8:36,193.1286666666667,483.66273522155507,24446.666666666668,0,0.399304,YES
2026-06-22T15:37:00Z,8:37,195.0839166666667,487.4545554300382,24694.166666666668,0,0.400209,YES
2026-06-22T15:38:00Z,8:38,198.16072727272729,491.0956424407932,25083.636363636364,0,0.403507,YES
2026-06-22T15:39:00Z,8:39,202.02275,494.74356930995697,25572.5,0,0.408338,YES
2026-06-22T15:40:00Z,8:40,204.12283333333338,498.51886662758443,25838.333333333332,0,0.409459,YES
2026-06-22T15:41:00Z,8:41,203.7625454545455,502.13812763211155,25792.727272727272,0,0.40579,YES
2026-06-22T15:42:00Z,8:42,203.4776666666667,505.78019022265613,25756.666666666668,0,0.402305,YES
2026-06-22T15:43:00Z,8:43,204.74825,509.53790896544183,25917.5,0,0.401831,YES
2026-06-22T15:44:00Z,8:44,206.38091666666665,513.3200061370466,26124.166666666668,0,0.402051,YES
2026-06-22T15:45:00Z,8:45,207.0015454545455,516.9144714464902,26202.727272727272,0,0.400456,YES
2026-06-22T15:46:00Z,8:46,206.8746666666667,520.5033655882759,26186.666666666668,0,0.397451,YES
2026-06-22T15:47:00Z,8:47,206.88125,524.2409120529602,26187.5,0,0.39463,YES
2026-06-22T15:48:00Z,8:48,207.49350000000004,527.9869389296877,26265.0,0,0.39299,YES
2026-06-22T15:49:00Z,8:49,208.82572727272725,531.5572245528502,26433.636363636364,0,0.392857,YES
2026-06-22T15:50:00Z,8:50,210.6074166666667,535.1196359835936,26659.166666666668,0,0.393571,YES
2026-06-22T15:51:00Z,8:51,211.56199999999993,538.8452137829776,26780.0,0,0.392621,YES
2026-06-22T15:52:00Z,8:52,211.56199999999993,542.5484454228546,26780.0,0,0.389941,YES
2026-06-22T15:53:00Z,8:53,211.56199999999993,546.0873328863919,26780.0,0,0.387414,YES
2026-06-22T15:54:00Z,8:54,211.56199999999993,549.6421011416463,26780.0,0,0.384909,YES
2026-06-22T15:55:00Z,8:55,211.56199999999993,553.3236313013427,26780.0,0,0.382348,YES
2026-06-22T15:56:00Z,8:56,211.13109090909094,556.8464345361717,26725.454545454544,0,0.379155,YES
2026-06-22T15:57:00Z,8:57,208.81674999999998,560.3796978240432,26432.5,0,0.372634,YES
2026-06-22T15:58:00Z,8:58,206.3085,564.0385977739278,26115.0,0,0.36577,YES
2026-06-22T15:59:00Z,8:59,204.74166666666667,567.6895489652593,25916.666666666668,0,0.360658,YES
2026-06-22T16:00:00Z,9:00,204.19345454545456,571.1839729295355,25847.272727272728,0,0.357492,YES
2026-06-22T16:01:00Z,9:01,204.57708333333338,574.6756748205263,25895.833333333332,0,0.355987,YES
2026-06-22T16:02:00Z,9:02,205.49875000000006,578.2978007835842,26012.5,0,0.355351,YES
2026-06-22T16:03:00Z,9:03,207.217,581.9312720369271,26230.0,0,0.356085,YES
2026-06-22T16:04:00Z,9:04,210.68581818181818,585.4063922594974,26669.090909090908,0,0.359897,YES
2026-06-22T16:05:00Z,9:05,215.88066666666668,588.8493653065362,27326.666666666668,0,0.366614,YES
2026-06-22T16:06:00Z,9:06,222.31916666666666,592.4625030906387,28141.666666666668,0,0.375246,YES
2026-06-22T16:07:00Z,9:07,229.04075000000003,596.0570349771596,28992.5,0,0.38426,YES
2026-06-22T16:08:00Z,9:08,235.73600000000008,599.4858200846348,29840.0,0,0.39323,YES
2026-06-22T16:09:00Z,9:09,241.97041666666667,602.9137151079244,30629.166666666668,0,0.401335,YES
2026-06-22T16:10:00Z,9:10,246.28908333333337,606.477072385907,31175.833333333332,0,0.406098,YES
2026-06-22T16:11:00Z,9:11,247.13833333333332,610.0263240539617,31283.333333333332,0,0.405127,YES
2026-06-22T16:12:00Z,9:12,245.36681818181822,613.4373467046586,31059.090909090908,0,0.399987,YES
2026-06-22T16:13:00Z,9:13,242.95791666666662,616.8234429592205,30754.166666666668,0,0.393886,YES
2026-06-22T16:14:00Z,9:14,240.95000000000002,620.3452806077053,30500.0,0,0.388413,YES
2026-06-22T16:15:00Z,9:15,238.1490909090909,623.7348048990084,30145.454545454544,0,0.381811,YES
2026-06-22T16:16:00Z,9:16,235.04475000000002,627.0888590975896,29752.5,0,0.374819,YES
2026-06-22T16:17:00Z,9:17,233.24750000000006,630.5776662670436,29525.0,0,0.369895,YES
2026-06-22T16:18:00Z,9:18,233.29358333333334,634.0708502361014,29530.833333333332,0,0.36793,YES
2026-06-22T16:19:00Z,9:19,235.39127272727274,637.4043994081513,29796.363636363636,0,0.369297,YES
2026-06-22T16:20:00Z,9:20,240.06125000000006,640.721209664618,30387.5,0,0.374673,YES
2026-06-22T16:21:00Z,9:21,245.26208333333338,644.1708999000012,31045.833333333332,0,0.380741,YES
2026-06-22T16:22:00Z,9:22,249.21208333333334,647.6244752951303,31545.833333333332,0,0.38481,YES
2026-06-22T16:23:00Z,9:23,252.26136363636368,650.9196568892887,31931.81818181818,0,0.387546,YES
2026-06-22T16:24:00Z,9:24,254.9395833333334,654.2026091815104,32270.833333333332,0,0.389695,YES
2026-06-22T16:25:00Z,9:25,255.2819166666667,657.6163917081805,32314.166666666668,0,0.388193,YES
2026-06-22T16:26:00Z,9:26,254.61700000000005,661.0287962771841,32230.0,0,0.385183,YES
2026-06-22T16:27:00Z,9:27,255.27054545454547,664.2851660754848,32312.727272727272,0,0.384279,YES
2026-06-22T16:28:00Z,9:28,256.49983333333336,667.5272940477415,32468.333333333332,0,0.384254,YES
2026-06-22T16:29:00Z,9:29,256.7368333333334,670.9081433991392,32498.333333333332,0,0.382671,YES
2026-06-22T16:30:00Z,9:30,256.22333333333336,674.2780684547268,32433.333333333332,0,0.379997,YES
2026-06-22T16:31:00Z,9:31,257.4466363636364,677.490042975263,32588.18181818182,0,0.380001,YES
2026-06-22T16:32:00Z,9:32,261.4636666666667,680.7077849742147,33096.666666666664,0,0.384106,YES
2026-06-22T16:33:00Z,9:33,265.5255833333334,684.0360409334127,33610.833333333336,0,0.388175,YES
2026-06-22T16:34:00Z,9:34,269.0674166666667,687.3529373272776,34059.166666666664,0,0.391455,YES
2026-06-22T16:35:00Z,9:35,270.94127272727275,690.5288367776452,34296.36363636364,0,0.392368,YES
2026-06-22T16:36:00Z,9:36,272.8330833333334,693.6931095900914,34535.833333333336,0,0.393305,YES
2026-06-22T16:37:00Z,9:37,277.23075,696.976592555142,35092.5,0,0.397762,YES
2026-06-22T16:38:00Z,9:38,283.77518181818186,700.134241819655,35920.90909090909,0,0.405315,YES
2026-06-22T16:39:00Z,9:39,291.1874166666667,703.2606208976832,36859.166666666664,0,0.414053,YES
2026-06-22T16:40:00Z,9:40,299.51533333333344,706.5187937004997,37913.333333333336,0,0.423931,YES
2026-06-22T16:41:00Z,9:41,307.5140833333333,709.7649202539586,38925.833333333336,0,0.433262,YES
2026-06-22T16:42:00Z,9:42,315.41109090909094,712.8570141556464,39925.454545454544,0,0.442461,YES
2026-06-22T16:43:00Z,9:43,323.68274999999994,715.9374912192925,40972.5,0,0.45211,YES
2026-06-22T16:44:00Z,9:44,332.64266666666674,719.1440843710079,42106.666666666664,0,0.462554,YES
2026-06-22T16:45:00Z,9:45,343.50516666666664,722.3385236361595,43481.666666666664,0,0.475546,YES
2026-06-22T16:46:00Z,9:46,356.1391818181819,725.3806032760881,45080.90909090909,0,0.490969,YES
2026-06-22T16:47:00Z,9:47,372.3599166666668,728.4152465457331,47134.166666666664,0,0.511192,YES
2026-06-22T16:48:00Z,9:48,390.86566666666664,731.586402974022,49476.666666666664,0,0.534271,YES
2026-06-22T16:49:00Z,9:49,411.4385833333334,734.7236574934013,52080.833333333336,0,0.559991,YES
2026-06-22T16:50:00Z,9:50,422.334,737.7194115846033,53460.0,0,0.572486,YES
2026-06-22T16:51:00Z,9:51,420.01666666666665,740.7022867652094,53166.666666666664,0,0.567052,YES
2026-06-22T16:52:00Z,9:52,437.96283333333344,743.8238143950342,55438.333333333336,0,0.588799,YES
2026-06-22T16:53:00Z,9:53,477.6866666666667,746.9113751827322,60466.666666666664,0,0.639549,YES
2026-06-22T16:54:00Z,9:54,520.1719090909093,749.8638782477184,65844.54545454546,0,0.693688,YES
2026-06-22T16:55:00Z,9:55,515.7251666666667,752.8231353364537,65281.666666666664,0,0.685055,YES
2026-06-22T16:56:00Z,9:56,676.7930000000001,755.8812860073766,85670.0,0,0.895369,YES
2026-06-22T16:57:00Z,9:57,615.2879090909092,758.8024131061651,77884.54545454546,0,0.810867,YES
2026-06-22T16:58:00Z,9:58,603.0860000000001,761.7072439914991,76340.0,0,0.791756,YES
2026-06-22T16:59:00Z,9:59,482.39375,764.7267288385451,61062.5,0,0.630805,YES
2026-06-22T17:00:00Z,10:00,470.8860833333334,767.7370821709243,59605.833333333336,0,0.613343,YES
2026-06-22T17:01:00Z,10:01,556.7058181818182,770.6096312195936,70469.09090909091,0,0.722423,YES
2026-06-22T17:02:00Z,10:02,724.9566666666668,773.4667609556909,91766.66666666667,0,0.937282,YES
2026-06-22T17:03:00Z,10:03,761.54025,776.4496017059911,96397.5,0,0.980798,YES
2026-06-22T17:04:00Z,10:04,626.9440000000001,779.3987628577576,79360.0,0,0.804394,YES
2026-06-22T17:05:00Z,10:05,589.0383636363637,782.2356711998308,74561.81818181818,0,0.753019,YES
2026-06-22T17:06:00Z,10:06,737.8534166666667,785.0377163595532,93399.16666666667,0,0.939895,YES
2026-06-22T17:07:00Z,10:07,642.2831666666667,787.9623318683504,81301.66666666667,0,0.815119,YES
2026-06-22T17:08:00Z,10:08,638.2050909090909,790.7452954445827,80785.45454545454,0,0.807093,YES
2026-06-22T17:09:00Z,10:09,496.27141666666665,793.5075503129978,62819.166666666664,0,0.625415,YES
2026-06-22T17:10:00Z,10:10,574.8830000000002,796.3874179453242,72770.0,0,0.721863,YES
2026-06-22T17:11:00Z,10:11,681.8358333333333,799.2413203470746,86308.33333333333,0,0.853104,YES
2026-06-22T17:12:00Z,10:12,639.9359090909091,801.9642869655577,81004.54545454546,0,0.797961,YES
2026-06-22T17:13:00Z,10:13,607.7009166666668,804.6728228149378,76924.16666666667,0,0.755215,YES
2026-06-22T17:14:00Z,10:14,574.7381666666666,807.4968074312533,72751.66666666667,0,0.711753,YES
2026-06-22T17:15:00Z,10:15,692.0465833333334,810.2986903664496,87600.83333333333,0,0.854064,YES
2026-06-22T17:16:00Z,10:16,777.2163636363638,812.9646872507946,98381.81818181818,0,0.956027,YES
2026-06-22T17:17:00Z,10:17,714.6932499999999,815.6298324019202,90467.5,0,0.876247,YES
2026-06-22T17:18:00Z,10:18,550.6563333333335,818.3893512426589,69703.33333333333,0,0.672854,YES
2026-06-22T17:19:00Z,10:19,638.9591818181818,821.0224843556181,80880.90909090909,0,0.778248,YES
2026-06-22T17:20:00Z,10:20,774.6410833333333,823.6461337677911,98055.83333333333,0,0.940502,YES
2026-06-22T17:21:00Z,10:21,729.4794166666667,826.3554799538733,92339.16666666667,0,0.882767,YES
2026-06-22T17:22:00Z,10:22,549.2804166666666,829.0645604468583,69529.16666666667,0,0.66253,YES
2026-06-22T17:23:00Z,10:23,521.4,831.6397112504484,66000.0,0,0.626954,YES
2026-06-22T17:24:00Z,10:24,638.0895833333334,834.1988934645793,80770.83333333333,0,0.764913,YES
2026-06-22T17:25:00Z,10:25,663.54075,836.8570245581154,83992.5,0,0.792896,YES
2026-06-22T17:26:00Z,10:26,744.75275,839.5073521929036,94272.5,0,0.887131,YES
2026-06-22T17:27:00Z,10:27,750.701090909091,842.0271591838004,95025.45454545454,0,0.89154,YES
2026-06-22T17:28:00Z,10:28,756.3065000000001,844.5248987233344,95735.0,0,0.895541,YES
2026-06-22T17:29:00Z,10:29,750.79625,847.1306542503659,95037.5,0,0.886282,YES
2026-06-22T17:30:00Z,10:30,734.8382500000001,849.7139892315616,93017.5,0,0.864807,YES
2026-06-22T17:31:00Z,10:31,739.088090909091,852.1774810369618,93555.45454545454,0,0.867294,YES
2026-06-22T17:32:00Z,10:32,750.658,854.6304918333789,95020.0,0,0.878342,YES
2026-06-22T17:33:00Z,10:33,759.3085000000001,857.1653906152466,96115.0,0,0.885837,YES
2026-06-22T17:34:00Z,10:34,769.6898181818182,859.5891589662871,97429.09090909091,0,0.895416,YES
2026-06-22T17:35:00Z,10:35,752.6988333333334,861.9948346893933,95278.33333333333,0,0.873206,YES
2026-06-22T17:36:00Z,10:36,753.3110833333334,864.4809302912685,95355.83333333333,0,0.871403,YES
2026-06-22T17:37:00Z,10:37,757.6429166666667,866.9511949181675,95904.16666666667,0,0.873916,YES
2026-06-22T17:38:00Z,10:38,760.691,869.3125584741734,96290.0,0,0.875049,YES
2026-06-22T17:39:00Z,10:39,766.4382500000002,871.6658894709685,97017.5,0,0.87928,YES
2026-06-22T17:40:00Z,10:40,773.0413333333332,874.0999137166212,97853.33333333333,0,0.884386,YES
2026-06-22T17:41:00Z,10:41,766.4185000000001,876.5213331987266,97015.0,0,0.874387,YES
2026-06-22T17:42:00Z,10:42,750.6867272727275,878.8183911920837,95023.63636363637,0,0.8542,YES
2026-06-22T17:43:00Z,10:43,736.10225,881.1092267880695,93177.5,0,0.835427,YES
2026-06-22T17:44:00Z,10:44,759.8088333333334,883.4771962422509,96178.33333333333,0,0.860021,YES
2026-06-22T17:45:00Z,10:45,768.0380000000001,885.8258203249328,97220.0,0,0.86703,YES
2026-06-22T17:46:00Z,10:46,774.7027272727272,888.0665589450957,98063.63636363637,0,0.872348,YES
2026-06-22T17:47:00Z,10:47,779.9143333333335,890.2953379054587,98723.33333333333,0,0.876018,YES
2026-06-22T17:48:00Z,10:48,785.6418333333335,892.5965603464,99448.33333333333,0,0.880176,YES
2026-06-22T17:49:00Z,10:49,782.4231818181819,894.7983704219249,99040.90909090909,0,0.874413,YES
2026-06-22T17:50:00Z,10:50,783.0150833333333,896.9775102778221,99115.83333333333,0,0.872948,YES
2026-06-22T17:51:00Z,10:51,787.5839166666666,899.2339382769751,99694.16666666667,0,0.875839,YES
2026-06-22T17:52:00Z,10:52,791.1981666666667,901.4797520559526,100151.66666666667,0,0.877666,YES
2026-06-22T17:53:00Z,10:53,796.7078181818182,903.6083044066377,100849.09090909091,0,0.881696,YES
2026-06-22T17:54:00Z,10:54,795.7209166666668,905.7272875920721,100724.16666666667,0,0.878544,YES
2026-06-22T17:55:00Z,10:55,796.8400833333334,907.9244462841569,100865.83333333333,0,0.87765,YES
2026-06-22T17:56:00Z,10:56,798.7229166666667,910.0929770008876,101104.16666666667,0,0.877628,YES
2026-06-22T17:57:00Z,10:57,800.9307272727274,912.1725201693266,101383.63636363637,0,0.878047,YES
2026-06-22T17:58:00Z,10:58,802.9362500000001,914.2236470700918,101637.5,0,0.878271,YES
2026-06-22T17:59:00Z,10:59,802.8243333333335,916.343237531935,101623.33333333333,0,0.876117,YES
2026-06-22T18:00:00Z,11:00,808.6296363636363,918.362829258951,102358.18181818182,0,0.880512,YES
2026-06-22T18:01:00Z,11:01,812.9824166666668,920.37342756079,102909.16666666667,0,0.883318,YES
2026-06-22T18:02:00Z,11:02,815.7474166666667,922.4465894647706,103259.16666666667,0,0.88433,YES
2026-06-22T18:03:00Z,11:03,807.8540000000003,924.5054261964524,102260.0,0,0.873823,YES
2026-06-22T18:04:00Z,11:04,809.635090909091,926.4679115848718,102485.45454545454,0,0.873894,YES
2026-06-22T18:05:00Z,11:05,816.91925,928.4074466915212,103407.5,0,0.879915,YES
2026-06-22T18:06:00Z,11:06,818.0515833333334,930.4109251535946,103550.83333333333,0,0.879237,YES
2026-06-22T18:07:00Z,11:07,824.3584166666669,932.3971687829845,104349.16666666667,0,0.884128,YES
2026-06-22T18:08:00Z,11:08,824.3793636363636,934.2949123277366,104351.81818181818,0,0.882355,YES
2026-06-22T18:09:00Z,11:09,827.3143333333333,936.1697033289287,104723.33333333333,0,0.883723,YES
2026-06-22T18:10:00Z,11:10,829.5526666666668,938.1083918547171,105006.66666666667,0,0.884282,YES
2026-06-22T18:11:00Z,11:11,834.1346666666667,940.0321229361945,105586.66666666667,0,0.887347,YES
2026-06-22T18:12:00Z,11:12,836.5094545454547,941.8566550147324,105887.27272727272,0,0.888149,YES
2026-06-22T18:13:00Z,11:13,837.9266666666667,943.6661311216684,106066.66666666667,0,0.887948,YES
2026-06-22T18:14:00Z,11:14,836.8470000000002,945.5338633668865,105930.0,0,0.885052,YES
2026-06-22T18:15:00Z,11:15,837.4658333333333,947.3867186227156,106008.33333333333,0,0.883975,YES
2026-06-22T18:16:00Z,11:16,840.0572727272727,949.1559834463204,106336.36363636363,0,0.885057,YES
2026-06-22T18:17:00Z,11:17,843.9965000000002,950.8965645775029,106835.0,0,0.88758,YES
2026-06-22T18:18:00Z,11:18,845.7937500000002,952.7002797787619,107062.5,0,0.887786,YES
2026-06-22T18:19:00Z,11:19,847.0972500000001,954.4862149456172,107227.5,0,0.88749,YES
2026-06-22T18:20:00Z,11:20,850.0256363636364,956.1766783514805,107598.18181818182,0,0.888984,YES
2026-06-22T18:21:00Z,11:21,852.0808333333335,957.8511095980977,107858.33333333333,0,0.889575,YES
2026-06-22T18:22:00Z,11:22,852.5548333333335,959.582868078065,107918.33333333333,0,0.888464,YES
2026-06-22T18:23:00Z,11:23,850.7180833333335,961.301392507691,107685.83333333333,0,0.884965,YES
2026-06-22T18:24:00Z,11:24,852.2160909090911,962.9296386909901,107875.45454545454,0,0.885024,YES
2026-06-22T18:25:00Z,11:25,858.7563333333334,964.5368175633813,108703.33333333333,0,0.89033,YES
2026-06-22T18:26:00Z,11:26,861.8044166666668,966.2052465315868,109089.16666666667,0,0.891948,YES
2026-06-22T18:27:00Z,11:27,863.0749999999999,967.848879464848,109250.0,0,0.891746,YES
2026-06-22T18:28:00Z,11:28,862.7015454545455,969.4074944974917,109202.72727272728,0,0.889927,YES
2026-06-22T18:29:00Z,11:29,863.52925,970.9469056750982,109307.5,0,0.889368,YES
2026-06-22T18:30:00Z,11:30,863.8979166666667,972.5485223404336,109354.16666666667,0,0.888283,YES
2026-06-22T18:31:00Z,11:31,866.9394166666667,974.1189895096767,109739.16666666667,0,0.889973,YES
2026-06-22T18:32:00Z,11:32,869.8761818181819,975.6076057697514,110110.90909090909,0,0.891625,YES
2026-06-22T18:33:00Z,11:33,871.1461666666665,977.0828980179913,110271.66666666667,0,0.891579,YES
2026-06-22T18:34:00Z,11:34,871.1593333333334,978.6044966369997,110273.33333333333,0,0.890206,YES
2026-06-22T18:35:00Z,11:35,873.3779166666667,980.103929900797,110554.16666666667,0,0.891107,YES
2026-06-22T18:36:00Z,11:36,875.0470909090909,981.5261179054488,110765.45454545454,0,0.891517,YES
2026-06-22T18:37:00Z,11:37,875.9519999999999,982.942567780478,110880.0,0,0.891153,YES
2026-06-22T18:38:00Z,11:38,879.5859999999999,984.3882589534041,111340.0,0,0.893536,YES
2026-06-22T18:39:00Z,11:39,881.2318333333334,985.817549835455,111548.33333333333,0,0.89391,YES
2026-06-22T18:40:00Z,11:40,881.9057272727274,987.1733918564609,111633.63636363637,0,0.893365,YES
2026-06-22T18:41:00Z,11:41,882.1930000000001,988.509699786789,111670.0,0,0.892447,YES
2026-06-22T18:42:00Z,11:42,884.8329166666667,989.8869446649845,112004.16666666667,0,0.893873,YES
2026-06-22T18:43:00Z,11:43,884.3116363636364,991.1927277031114,111938.18181818182,0,0.892169,YES
2026-06-22T18:44:00Z,11:44,888.4208333333332,992.4789682615432,112458.33333333333,0,0.895153,YES
2026-06-22T18:45:00Z,11:45,890.3497500000002,993.8019262169677,112702.5,0,0.895903,YES
2026-06-22T18:46:00Z,11:46,892.91725,995.1097509377987,113027.5,0,0.897305,YES
2026-06-22T18:47:00Z,11:47,893.2458181818183,996.3407037389453,113069.09090909091,0,0.896526,YES
2026-06-22T18:48:00Z,11:48,893.2990833333333,997.5544593620348,113075.83333333333,0,0.895489,YES
2026-06-22T18:49:00Z,11:49,895.1358333333334,998.8058546986891,113308.33333333333,0,0.896206,YES
2026-06-22T18:50:00Z,11:50,897.4005000000002,1000.0367847092076,113595.0,0,0.897367,YES
2026-06-22T18:51:00Z,11:51,897.9283636363638,1001.1959956902597,113661.81818181818,0,0.896856,YES
2026-06-22T18:52:00Z,11:52,897.8152500000001,1002.3408346641781,113647.5,0,0.895719,YES
2026-06-22T18:53:00Z,11:53,898.9870833333333,1003.520101666288,113795.83333333333,0,0.895834,YES
2026-06-22T18:54:00Z,11:54,903.0358333333335,1004.6741465088368,114308.33333333333,0,0.898835,YES
2026-06-22T18:55:00Z,11:55,902.7401818181818,1005.7646252763105,114270.90909090909,0,0.897566,YES
2026-06-22T18:56:00Z,11:56,903.02925,1006.8413382880698,114307.5,0,0.896893,YES
2026-06-22T18:57:00Z,11:57,904.0233333333334,1007.94334830279,114433.33333333333,0,0.896899,YES
2026-06-22T18:58:00Z,11:58,905.9325,1009.0249450371965,114675.0,0,0.89783,YES
2026-06-22T18:59:00Z,11:59,907.0205454545455,1010.0462648110955,114812.72727272728,0,0.897999,YES
2026-06-22T19:00:00Z,12:00,907.3479166666667,1011.0481941302177,114854.16666666667,0,0.897433,YES
2026-06-22T19:01:00Z,12:01,909.0727500000002,1012.0744136782732,115072.5,0,0.898227,YES
2026-06-22T19:02:00Z,12:02,908.4066363636364,1013.0407904797607,114988.18181818182,0,0.896713,YES
2026-06-22T19:03:00Z,12:03,910.9160833333335,1013.995209656833,115305.83333333333,0,0.898344,YES
2026-06-22T19:04:00Z,12:04,912.2459166666667,1014.9645025620008,115474.16666666667,0,0.898796,YES
2026-06-22T19:05:00Z,12:05,913.6613333333335,1015.9186176705953,115653.33333333333,0,0.899345,YES
2026-06-22T19:06:00Z,12:06,913.2759090909093,1016.8151873445386,115604.54545454546,0,0.898173,YES
2026-06-22T19:07:00Z,12:07,915.2676666666667,1017.6904943603399,115856.66666666667,0,0.899358,YES
2026-06-22T19:08:00Z,12:08,915.6429166666667,1018.585034502879,115904.16666666667,0,0.898936,YES
2026-06-22T19:09:00Z,12:09,916.4855833333335,1019.4651835485115,116010.83333333333,0,0.898987,YES
2026-06-22T19:10:00Z,12:10,918.7556363636365,1020.2873277222258,116298.18181818182,0,0.900487,YES
2026-06-22T19:11:00Z,12:11,918.5856666666667,1021.0907686613178,116276.66666666667,0,0.899612,YES
2026-06-22T19:12:00Z,12:12,920.6396666666666,1021.9124708414141,116536.66666666667,0,0.900899,YES
2026-06-22T19:13:00Z,12:13,921.0346666666666,1022.7170638352709,116586.66666666667,0,0.900576,YES
2026-06-22T19:14:00Z,12:14,922.8708181818182,1023.4671660789913,116819.09090909091,0,0.90171,YES
2026-06-22T19:15:00Z,12:15,922.3381666666668,1024.2000958030778,116751.66666666667,0,0.900545,YES
2026-06-22T19:16:00Z,12:16,924.31975,1024.9491878400847,117002.5,0,0.90182,YES
2026-06-22T19:17:00Z,12:17,925.5640000000002,1025.672935046973,117160.0,0,0.902397,YES
2026-06-22T19:18:00Z,12:18,926.8208181818184,1026.3497437458939,117319.09090909091,0,0.903026,YES
2026-06-22T19:19:00Z,12:19,927.1242500000002,1027.0102046076158,117357.5,0,0.902741,YES
2026-06-22T19:20:00Z,12:20,927.9010833333335,1027.6814031234462,117455.83333333333,0,0.902907,YES
2026-06-22T19:21:00Z,12:21,929.2967500000001,1028.3305252107718,117632.5,0,0.903695,YES
2026-06-22T19:22:00Z,12:22,929.3775454545456,1028.935731368489,117642.72727272728,0,0.903242,YES
2026-06-22T19:23:00Z,12:23,930.2776666666668,1029.5239103798724,117756.66666666667,0,0.9036,YES
2026-06-22T19:24:00Z,12:24,932.1341666666668,1030.1165625229792,117991.66666666667,0,0.904882,YES
2026-06-22T19:25:00Z,12:25,933.3915833333334,1030.6906354352855,118150.83333333333,0,0.905598,YES
2026-06-22T19:26:00Z,12:26,933.657909090909,1031.2213595360859,118184.54545454546,0,0.90539,YES
2026-06-22T19:27:00Z,12:27,933.6746666666668,1031.7347351038359,118186.66666666667,0,0.904956,YES
2026-06-22T19:28:00Z,12:28,934.6424166666667,1032.2529304093798,118309.16666666667,0,0.905439,YES
2026-06-22T19:29:00Z,12:29,934.8465000000001,1032.7514802770957,118335.0,0,0.9052,YES
2026-06-22T19:30:00Z,12:30,935.7478181818183,1033.2106391740547,118449.09090909091,0,0.90567,YES
2026-06-22T19:31:00Z,12:31,937.5390833333336,1033.6510732324482,118675.83333333333,0,0.907017,YES
2026-06-22T19:32:00Z,12:32,939.0861666666668,1034.0935064371797,118871.66666666667,0,0.908125,YES
2026-06-22T19:33:00Z,12:33,939.4021666666667,1034.5157781529745,118911.66666666667,0,0.90806,YES
2026-06-22T19:34:00Z,12:34,939.4464545454547,1034.9012088982163,118917.27272727272,0,0.907764,YES
2026-06-22T19:35:00Z,12:35,939.9485833333334,1035.2683971934223,118980.83333333333,0,0.907927,YES
2026-06-22T19:36:00Z,12:36,940.6398333333333,1035.6327831895007,119068.33333333333,0,0.908275,YES
2026-06-22T19:37:00Z,12:37,941.3310833333335,1035.9790487855216,119155.83333333333,0,0.908639,YES
2026-06-22T19:38:00Z,12:38,942.1396363636363,1036.2913404853082,119258.18181818182,0,0.909146,YES
2026-06-22T19:39:00Z,12:39,942.8584166666668,1036.5854394267212,119349.16666666667,0,0.909581,YES
2026-06-22T19:40:00Z,12:40,943.1678333333334,1036.8729849012873,119388.33333333333,0,0.909627,YES
2026-06-22T19:41:00Z,12:41,943.5957500000001,1037.1422474080653,119442.5,0,0.909804,YES
2026-06-22T19:42:00Z,12:42,943.6693636363635,1037.3823209415725,119451.81818181818,0,0.909664,YES
2026-06-22T19:43:00Z,12:43,944.46475,1037.603504849222,119552.5,0,0.910237,YES
2026-06-22T19:44:00Z,12:44,944.6754166666668,1037.8154292263291,119579.16666666667,0,0.910254,YES
2026-06-22T19:45:00Z,12:45,945.9855000000001,1038.0078396915167,119745.0,0,0.911347,YES
2026-06-22T19:46:00Z,12:46,945.9388181818183,1038.174004330095,119739.09090909091,0,0.911156,YES
2026-06-22T19:47:00Z,12:47,946.5450833333334,1038.3213519322073,119815.83333333333,0,0.911611,YES
2026-06-22T19:48:00Z,12:48,947.3021666666667,1038.4563350082599,119911.66666666667,0,0.912221,YES
2026-06-22T19:49:00Z,12:49,947.6642500000002,1038.5720946476429,119957.5,0,0.912468,YES
2026-06-22T19:50:00Z,12:50,947.4829090909093,1038.6646003106182,119934.54545454546,0,0.912213,YES
2026-06-22T19:51:00Z,12:51,948.0790000000002,1038.7383818843841,120010.0,0,0.912722,YES
2026-06-22T19:52:00Z,12:52,948.9019166666667,1038.7966922230055,120114.16666666667,0,0.913463,YES
2026-06-22T19:53:00Z,12:53,948.8690000000001,1038.8354884715209,120110.0,0,0.913397,YES
2026-06-22T19:54:00Z,12:54,949.5225454545454,1038.854128499475,120192.72727272728,0,0.91401,YES
2026-06-22T19:55:00Z,12:55,949.5668333333336,1038.8546269991405,120198.33333333333,0,0.914052,YES
2026-06-22T19:56:00Z,12:56,949.0072500000001,1038.8362170357468,120127.5,0,0.913529,YES
2026-06-22T19:57:00Z,12:57,949.6655833333335,1038.7979963776704,120210.83333333333,0,0.914197,YES
2026-06-22T19:58:00Z,12:58,949.4938181818183,1038.7431206633905,120189.09090909091,0,0.91408,YES
2026-06-22T19:59:00Z,12:59,949.8433333333334,1038.670143031115,120233.33333333333,0,0.91448,YES
2026-06-22T20:00:00Z,13:00,949.8499166666667,1038.5747070780164,120234.16666666667,0,0.914571,YES
2026-06-22T20:01:00Z,13:01,949.9091666666668,1038.4594435081742,120241.66666666667,0,0.914729,YES
2026-06-22T20:02:00Z,13:02,949.5584545454548,1038.3310908980932,120197.27272727272,0,0.914504,YES
2026-06-22T20:03:00Z,13:03,949.2376666666668,1038.184231621806,120156.66666666667,0,0.914325,YES
2026-06-22T20:04:00Z,13:04,949.7511666666668,1038.0116222596603,120221.66666666667,0,0.914972,YES
2026-06-22T20:05:00Z,13:05,949.5010000000002,1037.8200221371064,120190.0,0,0.914899,YES
2026-06-22T20:06:00Z,13:06,949.2927272727273,1037.6178781017059,120163.63636363637,0,0.914877,YES
2026-06-22T20:07:00Z,13:07,948.5200833333334,1037.3968287462214,120065.83333333333,0,0.914327,YES
2026-06-22T20:08:00Z,13:08,949.3759166666669,1037.148080579261,120174.16666666667,0,0.915372,YES
2026-06-22T20:09:00Z,13:09,948.8402727272728,1036.8907201454858,120106.36363636363,0,0.915082,YES
2026-06-22T20:10:00Z,13:10,948.69125,1036.6143510711947,120087.5,0,0.915182,YES
2026-06-22T20:11:00Z,13:11,948.5003333333333,1036.308794408131,120063.33333333333,0,0.915268,YES
2026-06-22T20:12:00Z,13:12,947.4930833333334,1035.9832783076495,119935.83333333333,0,0.914583,YES
2026-06-22T20:13:00Z,13:13,946.707272727273,1035.6519079207646,119836.36363636363,0,0.914117,YES
2026-06-22T20:14:00Z,13:14,947.3350833333333,1035.3026645848681,119915.83333333333,0,0.915032,YES
2026-06-22T20:15:00Z,13:15,947.1573333333332,1034.9207538849178,119893.33333333333,0,0.915198,YES
2026-06-22T20:16:00Z,13:16,946.3673333333335,1034.5170593631672,119793.33333333333,0,0.914791,YES
2026-06-22T20:17:00Z,13:17,946.0178181818185,1034.1135341507868,119749.09090909091,0,0.91481,YES
2026-06-22T20:18:00Z,13:18,945.4785833333334,1033.6917850090192,119680.83333333333,0,0.914662,YES
2026-06-22T20:19:00Z,13:19,944.5964166666666,1033.2314759172432,119569.16666666667,0,0.914216,YES
2026-06-22T20:20:00Z,13:20,943.71425,1032.7518093389992,119457.5,0,0.913786,YES
2026-06-22T20:21:00Z,13:21,943.2528181818183,1032.2755729017197,119399.09090909091,0,0.913761,YES
2026-06-22T20:22:00Z,13:22,943.1678333333333,1031.779363887853,119388.33333333333,0,0.914118,YES
2026-06-22T20:23:00Z,13:23,942.3054166666669,1031.2418519185348,119279.16666666667,0,0.913758,YES
2026-06-22T20:24:00Z,13:24,942.13425,1030.6871240197245,119257.5,0,0.914084,YES
2026-06-22T20:25:00Z,13:25,941.2203636363636,1030.135233787208,119141.81818181818,0,0.913686,YES
2026-06-22T20:26:00Z,13:26,940.6859166666668,1029.5660796986965,119074.16666666667,0,0.913672,YES
2026-06-22T20:27:00Z,13:27,939.8959166666667,1028.9555019822724,118974.16666666667,0,0.913447,YES
2026-06-22T20:28:00Z,13:28,939.4536363636365,1028.3510757669337,118918.18181818182,0,0.913553,YES
2026-06-22T20:29:00Z,13:29,938.3751666666667,1027.7265569580907,118781.66666666667,0,0.913059,YES
2026-06-22T20:30:00Z,13:30,937.6773333333334,1027.0584910099258,118693.33333333333,0,0.912974,YES
2026-06-22T20:31:00Z,13:31,936.4791666666669,1026.370275017805,118541.66666666667,0,0.912418,YES
2026-06-22T20:32:00Z,13:32,936.0853636363637,1025.6906969243175,118491.81818181818,0,0.912639,YES
2026-06-22T20:33:00Z,13:33,935.41925,1024.9956261294008,118407.5,0,0.912608,YES
2026-06-22T20:34:00Z,13:34,934.6292500000003,1024.2508316618466,118307.5,0,0.9125,YES
2026-06-22T20:35:00Z,13:35,933.4179166666667,1023.4867672906693,118154.16666666667,0,0.911998,YES
2026-06-22T20:36:00Z,13:36,932.8535454545455,1022.7375290206624,118082.72727272728,0,0.912114,YES
2026-06-22T20:37:00Z,13:37,932.0288333333334,1021.9701465546801,117978.33333333333,0,0.911992,YES
2026-06-22T20:38:00Z,13:38,930.9491666666669,1021.1486805880132,117841.66666666667,0,0.911669,YES
2026-06-22T20:39:00Z,13:39,930.3435000000001,1020.3079425395055,117765.0,0,0.911826,YES
2026-06-22T20:40:00Z,13:40,930.1603636363637,1019.4861992196744,117741.81818181818,0,0.912382,YES
2026-06-22T20:41:00Z,13:41,929.2506666666668,1018.6456835227309,117626.66666666667,0,0.912241,YES
2026-06-22T20:42:00Z,13:42,928.7305833333331,1017.7476056654932,117560.83333333333,0,0.912535,YES
2026-06-22T20:43:00Z,13:43,927.4797500000001,1016.833895644504,117402.5,0,0.912125,YES
2026-06-22T20:44:00Z,13:44,926.8567272727272,1015.9399403161639,117323.63636363637,0,0.912314,YES
2026-06-22T20:45:00Z,13:45,926.3935000000001,1015.0250847220146,117265.0,0,0.91268,YES
2026-06-22T20:46:00Z,13:46,925.4915833333333,1014.0570599924981,117150.83333333333,0,0.912662,YES
2026-06-22T20:47:00Z,13:47,925.291090909091,1013.1098183540412,117125.45454545454,0,0.913318,YES
2026-06-22T20:48:00Z,13:48,925.2085000000001,1012.1399690176842,117115.0,0,0.914111,YES
2026-06-22T20:49:00Z,13:49,925.2940833333332,1011.1163863571036,117125.83333333333,0,0.915121,YES
2026-06-22T20:50:00Z,13:50,924.4645833333335,1010.0738081337894,117020.83333333333,0,0.915245,YES
2026-06-22T20:51:00Z,13:51,924.1880833333335,1009.012426225296,116985.83333333333,0,0.915933,YES
2026-06-22T20:52:00Z,13:52,923.3017272727274,1007.9703763960792,116873.63636363637,0,0.916001,YES
2026-06-22T20:53:00Z,13:53,922.2065000000001,1006.91742636489,116735.0,0,0.915871,YES
2026-06-22T20:54:00Z,13:54,921.7193333333333,1005.7993303783677,116673.33333333333,0,0.916405,YES
2026-06-22T20:55:00Z,13:55,921.2405454545456,1004.7110130835172,116612.72727272728,0,0.916921,YES
2026-06-22T20:56:00Z,13:56,921.1202500000003,1003.599970730077,116597.5,0,0.917816,YES
2026-06-22T20:57:00Z,13:57,920.8964166666668,1002.4300025021784,116569.16666666667,0,0.918664,YES
2026-06-22T20:58:00Z,13:58,920.0800833333336,1001.2381145172116,116465.83333333333,0,0.918942,YES
2026-06-22T20:59:00Z,13:59,919.0716363636366,1000.0704817144309,116338.18181818182,0,0.919007,YES
2026-06-22T21:00:00Z,14:00,918.5000833333335,998.8923668258913,116265.83333333333,0,0.919519,YES
2026-06-22T21:01:00Z,14:01,918.138,997.6474013121934,116220.0,0,0.920303,YES
2026-06-22T21:02:00Z,14:02,917.6245,996.3803532059223,116155.0,0,0.920958,YES
2026-06-22T21:03:00Z,14:03,917.4054545454545,995.1449924114797,116127.27272727272,0,0.921881,YES
2026-06-22T21:04:00Z,14:04,917.0780833333333,993.8988698208547,116085.83333333333,0,0.922708,YES
2026-06-22T21:05:00Z,14:05,916.4592500000002,992.5737000225567,116007.5,0,0.923316,YES
2026-06-22T21:06:00Z,14:06,915.2940000000002,991.2351973503588,115860.0,0,0.923387,YES
2026-06-22T21:07:00Z,14:07,914.8128181818181,989.9330867088432,115799.09090909091,0,0.924116,YES
2026-06-22T21:08:00Z,14:08,914.1550833333336,988.6176326509996,115715.83333333333,0,0.92468,YES
2026-06-22T21:09:00Z,14:09,913.1017499999999,987.2212972716165,115582.5,0,0.924921,YES
2026-06-22T21:10:00Z,14:10,912.1471666666667,985.8103730387212,115461.66666666667,0,0.925276,YES
2026-06-22T21:11:00Z,14:11,911.0926363636365,984.4406981906831,115328.18181818182,0,0.925493,YES
2026-06-22T21:12:00Z,14:12,910.1787500000002,983.0540469178699,115212.5,0,0.925868,YES
2026-06-22T21:13:00Z,14:13,908.8950000000001,981.5813749882624,115050.0,0,0.92595,YES
2026-06-22T21:14:00Z,14:14,908.2235000000001,980.098340484485,114965.0,0,0.926666,YES
2026-06-22T21:15:00Z,14:15,907.3006363636366,978.6591304232934,114848.18181818182,0,0.927085,YES
2026-06-22T21:16:00Z,14:16,906.5184166666668,977.2041350978861,114749.16666666667,0,0.927665,YES
2026-06-22T21:17:00Z,14:17,905.4124166666667,975.6635754078984,114609.16666666667,0,0.927997,YES
2026-06-22T21:18:00Z,14:18,904.5500000000002,974.1089887144182,114500.0,0,0.928592,YES
2026-06-22T21:19:00Z,14:19,903.0992727272728,972.598726769862,114316.36363636363,0,0.928543,YES
2026-06-22T21:20:00Z,14:20,902.4235833333333,971.0714756359512,114230.83333333333,0,0.929307,YES
2026-06-22T21:21:00Z,14:21,901.2320000000001,969.4639244641016,114080.0,0,0.929619,YES
2026-06-22T21:22:00Z,14:22,900.0326363636366,967.9055456930032,113928.18181818182,0,0.929877,YES
2026-06-22T21:23:00Z,14:23,899.2504166666668,966.324956618458,113829.16666666667,0,0.930588,YES
2026-06-22T21:24:00Z,14:24,897.2490833333336,964.6669655867167,113575.83333333333,0,0.930113,YES
2026-06-22T21:25:00Z,14:25,895.9785,962.9888309078664,113415.0,0,0.930414,YES
2026-06-22T21:26:00Z,14:26,894.7683636363637,961.3525267520785,113261.81818181818,0,0.930739,YES
2026-06-22T21:27:00Z,14:27,893.5624166666666,959.7099629783875,113109.16666666667,0,0.931075,YES
2026-06-22T21:28:00Z,14:28,892.3313333333335,957.9770942883379,112953.33333333333,0,0.931475,YES
2026-06-22T21:29:00Z,14:29,890.5275000000001,956.2216428666889,112725.0,0,0.931298,YES
2026-06-22T21:30:00Z,14:30,889.037272727273,954.5291577800434,112536.36363636363,0,0.931388,YES
2026-06-22T21:31:00Z,14:31,887.7493333333333,952.8228278942156,112373.33333333333,0,0.931705,YES
2026-06-22T21:32:00Z,14:32,885.2345,951.0128772800496,112055.0,0,0.930833,YES
2026-06-22T21:33:00Z,14:33,884.2140833333332,949.197530918481,111925.83333333333,0,0.931539,YES
2026-06-22T21:34:00Z,14:34,882.3079090909091,947.4384131885323,111684.54545454546,0,0.931256,YES
2026-06-22T21:35:00Z,14:35,881.2120833333335,945.6636166003887,111545.83333333333,0,0.931845,YES
2026-06-22T21:36:00Z,14:36,879.5267500000001,943.7894708128947,111332.5,0,0.93191,YES
2026-06-22T21:37:00Z,14:37,878.1705833333334,941.9002808399592,111160.83333333333,0,0.932339,YES
2026-06-22T21:38:00Z,14:38,876.3182727272728,940.0748470575808,110926.36363636363,0,0.932179,YES
2026-06-22T21:39:00Z,14:39,874.3917500000001,938.2296276448436,110682.5,0,0.931959,YES
2026-06-22T21:40:00Z,14:40,872.9236666666669,936.2895408460762,110496.66666666667,0,0.932322,YES
2026-06-22T21:41:00Z,14:41,871.3568333333334,934.3347542282596,110298.33333333333,0,0.932596,YES
2026-06-22T21:42:00Z,14:42,869.6320000000001,932.4318939985642,110080.0,0,0.932649,YES
2026-06-22T21:43:00Z,14:43,867.3475833333333,930.5282793616415,109790.83333333333,0,0.932102,YES
2026-06-22T21:44:00Z,14:44,865.0170833333335,928.5231220810612,109495.83333333333,0,0.931605,YES
2026-06-22T21:45:00Z,14:45,863.3580833333334,926.5035949362169,109285.83333333333,0,0.931845,YES
2026-06-22T21:46:00Z,14:46,861.9977272727273,924.5443370925124,109113.63636363637,0,0.932349,YES
2026-06-22T21:47:00Z,14:47,860.6391666666668,922.5762712466761,108941.66666666667,0,0.932865,YES
2026-06-22T21:48:00Z,14:48,858.5127500000002,920.5070489796567,108672.5,0,0.932652,YES
2026-06-22T21:49:00Z,14:49,856.3600000000001,918.5011542598767,108400.0,0,0.932345,YES
2026-06-22T21:50:00Z,14:50,854.2204166666667,916.4789452311156,108129.16666666667,0,0.932068,YES
2026-06-22T21:51:00Z,14:51,851.9228333333335,914.3603415271259,107838.33333333333,0,0.931715,YES
2026-06-22T21:52:00Z,14:52,849.6976666666668,912.2220690691466,107556.66666666667,0,0.931459,YES
2026-06-22T21:53:00Z,14:53,848.3379090909092,910.1524790947623,107384.54545454546,0,0.932083,YES
2026-06-22T21:54:00Z,14:54,846.2875,908.0672408465649,107125.0,0,0.931966,YES
2026-06-22T21:55:00Z,14:55,845.2934166666668,905.8830852089721,106999.16666666667,0,0.933115,YES
2026-06-22T21:56:00Z,14:56,843.3710833333334,903.6793338910234,106755.83333333333,0,0.933264,YES
2026-06-22T21:57:00Z,14:57,841.0986363636366,901.5434647713777,106468.18181818182,0,0.932954,YES
2026-06-22T21:58:00Z,14:58,838.6508333333333,899.3962020919676,106158.33333333333,0,0.93246,YES
2026-06-22T21:59:00Z,14:59,836.4256666666669,897.147198870483,105876.66666666667,0,0.932317,YES
2026-06-22T22:00:00Z,15:00,834.1083333333336,894.875602766383,105583.33333333333,0,0.932094,YES
2026-06-22T22:01:00Z,15:01,831.8340909090911,892.6835707276388,105295.45454545454,0,0.931835,YES
2026-06-22T22:02:00Z,15:02,830.1978333333335,890.4779506767882,105088.33333333333,0,0.932306,YES
2026-06-22T22:03:00Z,15:03,828.29525,888.161786077421,104847.5,0,0.932595,YES
2026-06-22T22:04:00Z,15:04,825.9186666666668,885.826188742411,104546.66666666667,0,0.932371,YES
2026-06-22T22:05:00Z,15:05,823.7401818181818,883.5691901924143,104270.90909090909,0,0.932287,YES
2026-06-22T22:06:00Z,15:06,821.2840000000001,881.3032815008892,103960.0,0,0.931897,YES
2026-06-22T22:07:00Z,15:07,818.9205833333334,878.9172864524479,103660.83333333333,0,0.931738,YES
2026-06-22T22:08:00Z,15:08,816.8073333333335,876.5184337310616,103393.33333333333,0,0.931877,YES
2026-06-22T22:09:00Z,15:09,814.4110000000001,874.2069137423299,103090.0,0,0.9316,YES
2026-06-22T22:10:00Z,15:10,812.4030833333335,871.878199637818,102835.83333333333,0,0.931785,YES
2026-06-22T22:11:00Z,15:11,809.3945,869.4261709760781,102455.0,0,0.930953,YES
2026-06-22T22:12:00Z,15:12,807.5116666666669,866.971649990665,102216.66666666667,0,0.931416,YES
2026-06-22T22:13:00Z,15:13,805.1967272727275,864.6000579176706,101923.63636363637,0,0.931294,YES
2026-06-22T22:14:00Z,15:14,802.9823333333334,862.2091543572928,101643.33333333333,0,0.931308,YES
2026-06-22T22:15:00Z,15:15,800.4543333333335,859.7020967324084,101323.33333333333,0,0.931083,YES
2026-06-22T22:16:00Z,15:16,798.0975,857.1793949337103,101025.0,0,0.931074,YES
2026-06-22T22:17:00Z,15:17,795.3217272727273,854.7443997509182,100673.63636363637,0,0.930479,YES
2026-06-22T22:18:00Z,15:18,792.844,852.2996522844229,100360.0,0,0.930241,YES
2026-06-22T22:19:00Z,15:19,790.7175833333336,849.7352391228746,100090.83333333333,0,0.930546,YES
2026-06-22T22:20:00Z,15:20,787.3642727272727,847.2653540028223,99666.36363636363,0,0.929301,YES
2026-06-22T22:21:00Z,15:21,785.0295833333333,844.7693439838649,99370.83333333333,0,0.929283,YES
2026-06-22T22:22:00Z,15:22,782.5213333333335,842.1638581830476,99053.33333333333,0,0.929179,YES
2026-06-22T22:23:00Z,15:23,779.9077500000002,839.5396958467745,98722.5,0,0.928971,YES
2026-06-22T22:24:00Z,15:24,778.1284545454546,836.9892175646281,98497.27272727272,0,0.929676,YES
2026-06-22T22:25:00Z,15:25,775.0163333333335,834.4488626611516,98103.33333333333,0,0.928776,YES
2026-06-22T22:26:00Z,15:26,772.080166666667,831.7807030291356,97731.66666666667,0,0.928226,YES
2026-06-22T22:27:00Z,15:27,769.4797500000003,829.0903015642881,97402.5,0,0.928101,YES
2026-06-22T22:28:00Z,15:28,767.1474545454547,826.5011561084085,97107.27272727272,0,0.928187,YES
2026-06-22T22:29:00Z,15:29,764.2328333333334,823.905248165468,96738.33333333333,0,0.927574,YES
2026-06-22T22:30:00Z,15:30,760.59225,821.1640834028861,96277.5,0,0.926237,YES
2026-06-22T22:31:00Z,15:31,758.2551666666668,818.4155737807614,95981.66666666667,0,0.926492,YES
2026-06-22T22:32:00Z,15:32,754.9168181818183,815.7488237767116,95559.09090909091,0,0.925428,YES
2026-06-22T22:33:00Z,15:33,751.9878333333336,813.0974463445426,95188.33333333333,0,0.924843,YES
2026-06-22T22:34:00Z,15:34,748.6632500000001,810.3100266776687,94767.5,0,0.923922,YES
2026-06-22T22:35:00Z,15:35,745.5373636363638,807.6220740804393,94371.81818181818,0,0.923127,YES
2026-06-22T22:36:00Z,15:36,742.7645833333335,804.9220377896589,94020.83333333333,0,0.922778,YES
2026-06-22T22:37:00Z,15:37,739.677,802.1003488822457,93630.0,0,0.922175,YES
2026-06-22T22:38:00Z,15:38,735.3451666666666,799.2528477995714,93081.66666666667,0,0.920041,YES
2026-06-22T22:39:00Z,15:39,732.5957272727275,796.5100891145084,92733.63636363637,0,0.919757,YES
2026-06-22T22:40:00Z,15:40,729.86125,793.7616213276074,92387.5,0,0.919497,YES
2026-06-22T22:41:00Z,15:41,726.5169166666668,790.8610684951649,91964.16666666667,0,0.91864,YES
2026-06-22T22:42:00Z,15:42,723.3240000000001,787.9661115793768,91560.0,0,0.917963,YES
2026-06-22T22:43:00Z,15:43,719.970090909091,785.1684387180965,91135.45454545454,0,0.916963,YES
2026-06-22T22:44:00Z,15:44,715.7729166666668,782.3577726238283,90604.16666666667,0,0.914892,YES
2026-06-22T22:45:00Z,15:45,712.6458333333334,779.43044203834,90208.33333333333,0,0.914316,YES
2026-06-22T22:46:00Z,15:46,708.2876666666667,776.485490697319,89656.66666666667,0,0.912171,YES
2026-06-22T22:47:00Z,15:47,704.5866363636363,773.631369459565,89188.18181818182,0,0.910752,YES
2026-06-22T22:48:00Z,15:48,703.7780833333333,770.7821802057607,89085.83333333333,0,0.91307,YES
2026-06-22T22:49:00Z,15:49,699.6174166666666,767.7977861198484,88559.16666666667,0,0.9112,YES
2026-06-22T22:50:00Z,15:50,695.4040833333333,764.8000141677952,88025.83333333333,0,0.909263,YES
2026-06-22T22:51:00Z,15:51,691.5085454545456,761.890718907309,87532.72727272728,0,0.907622,YES
2026-06-22T22:52:00Z,15:52,687.2473333333332,758.991780644165,86993.33333333333,0,0.905474,YES
2026-06-22T22:53:00Z,15:53,683.0076666666668,755.9512261355616,86456.66666666667,0,0.903508,YES
2026-06-22T22:54:00Z,15:54,678.5238181818182,753.0138483927735,85889.09090909091,0,0.901077,YES
2026-06-22T22:55:00Z,15:55,674.4888333333333,750.0733628473267,85378.33333333333,0,0.89923,YES
2026-06-22T22:56:00Z,15:56,670.3215833333333,746.9947445987682,84850.83333333333,0,0.897358,YES
2026-06-22T22:57:00Z,15:57,665.7593333333335,743.8990471173092,84273.33333333333,0,0.894959,YES
2026-06-22T22:58:00Z,15:58,661.8332727272729,740.9117686128492,83776.36363636363,0,0.893269,YES
2026-06-22T22:59:00Z,15:59,658.2214166666668,737.9283729727558,83319.16666666667,0,0.891986,YES
2026-06-22T23:00:00Z,16:00,653.5472500000002,734.7997033589137,82727.5,0,0.889422,YES
2026-06-22T23:01:00Z,16:01,649.3734166666667,731.6413248378389,82199.16666666667,0,0.887557,YES
2026-06-22T23:02:00Z,16:02,645.3797272727275,728.6138222734812,81693.63636363637,0,0.885764,YES
2026-06-22T23:03:00Z,16:03,641.2956666666666,725.5629470084758,81176.66666666667,0,0.883859,YES
2026-06-22T23:04:00Z,16:04,637.2074166666667,722.3809856311613,80659.16666666667,0,0.882093,YES
2026-06-22T23:05:00Z,16:05,633.8960000000001,719.1910485510833,80240.0,0,0.881401,YES
2026-06-22T23:06:00Z,16:06,630.3122727272729,716.1199588617075,79786.36363636363,0,0.880177,YES
2026-06-22T23:07:00Z,16:07,627.1744166666667,713.0287909257667,79389.16666666667,0,0.879592,YES
2026-06-22T23:08:00Z,16:08,623.784,709.8079091750618,78960.0,0,0.878807,YES
2026-06-22T23:09:00Z,16:09,620.588090909091,706.6991274800997,78555.45454545454,0,0.87815,YES
2026-06-22T23:10:00Z,16:10,619.18225,703.569556526411,78377.5,0,0.880058,YES
2026-06-22T23:11:00Z,16:11,617.0558333333335,700.3095845838129,78108.33333333333,0,0.881119,YES
2026-06-22T23:12:00Z,16:12,613.0400000000001,697.0200682756791,77600.0,0,0.879516,YES
2026-06-22T23:13:00Z,16:13,611.3450909090909,693.8734622609328,77385.45454545454,0,0.881061,YES
2026-06-22T23:14:00Z,16:14,608.0761666666667,690.7201804884293,76971.66666666667,0,0.880351,YES
2026-06-22T23:15:00Z,16:15,606.5751666666669,687.4057576464194,76781.66666666667,0,0.882412,YES
2026-06-22T23:16:00Z,16:16,603.9023333333334,684.0799213710751,76443.33333333333,0,0.882795,YES
2026-06-22T23:17:00Z,16:17,603.9909090909091,680.8896085032286,76454.54545454546,0,0.887061,YES
2026-06-22T23:18:00Z,16:18,600.5909166666667,677.6809601299643,76024.16666666667,0,0.886244,YES
2026-06-22T23:19:00Z,16:19,599.2281666666667,674.3177088302614,75851.66666666667,0,0.888644,YES
2026-06-22T23:20:00Z,16:20,597.10175,670.9571031020422,75582.5,0,0.889925,YES
2026-06-22T23:21:00Z,16:21,595.0926363636364,667.7134149002218,75328.18181818182,0,0.89124,YES
2026-06-22T23:22:00Z,16:22,592.6645833333334,664.470434299134,75020.83333333333,0,0.891935,YES
2026-06-22T23:23:00Z,16:23,591.4795833333335,661.0780758099241,74870.83333333333,0,0.89472,YES
2026-06-22T23:24:00Z,16:24,589.4405454545456,657.8045255382372,74612.72727272728,0,0.896072,YES
2026-06-22T23:25:00Z,16:25,586.7922500000001,654.5265291493293,74277.5,0,0.896514,YES
2026-06-22T23:26:00Z,16:26,584.2313333333334,651.1032384098013,73953.33333333333,0,0.897294,YES
2026-06-22T23:27:00Z,16:27,582.0325000000001,647.6554586648643,73675.0,0,0.898676,YES
2026-06-22T23:28:00Z,16:28,579.2926363636365,644.350076357654,73328.18181818182,0,0.899034,YES
2026-06-22T23:29:00Z,16:29,575.8639166666668,641.0441162855806,72894.16666666667,0,0.898322,YES
2026-06-22T23:30:00Z,16:30,571.82175,637.56633352111,72382.5,0,0.896882,YES
2026-06-22T23:31:00Z,16:31,570.7881666666667,634.0878581125168,72251.66666666667,0,0.900172,YES
2026-06-22T23:32:00Z,16:32,567.6868181818182,630.7431765245182,71859.09090909091,0,0.900028,YES
2026-06-22T23:33:00Z,16:33,564.297,627.3961918043549,71430.0,0,0.899427,YES
2026-06-22T23:34:00Z,16:34,560.7025000000001,623.8841158961181,70975.0,0,0.898729,YES
2026-06-22T23:35:00Z,16:35,557.1738333333334,620.3766614679436,70528.33333333333,0,0.898122,YES
2026-06-22T23:36:00Z,16:36,553.5242727272727,617.0001576185026,70066.36363636363,0,0.897122,YES
2026-06-22T23:37:00Z,16:37,550.8011666666667,613.5977705103772,69721.66666666667,0,0.897658,YES
2026-06-22T23:38:00Z,16:38,546.5878333333334,610.0626304544754,69188.33333333333,0,0.895954,YES
2026-06-22T23:39:00Z,16:39,542.7036666666668,606.5134106664785,68696.66666666667,0,0.894793,YES
2026-06-22T23:40:00Z,16:40,540.0224545454546,603.106208166983,68357.27272727272,0,0.895402,YES
2026-06-22T23:41:00Z,16:41,535.8965000000001,599.6790359334599,67835.0,0,0.893639,YES
2026-06-22T23:42:00Z,16:42,530.3665000000001,596.1032592388491,67135.0,0,0.889723,YES
2026-06-22T23:43:00Z,16:43,527.8779999999999,592.6669132703643,66820.0,0,0.890682,YES
2026-06-22T23:44:00Z,16:44,525.5277500000001,589.1943339695321,66522.5,0,0.891943,YES
2026-06-22T23:45:00Z,16:45,523.7305,585.5977087671275,66295.0,0,0.894352,YES
2026-06-22T23:46:00Z,16:46,520.2545,581.9876163852713,65855.0,0,0.893927,YES
2026-06-22T23:47:00Z,16:47,516.9831818181818,578.5008202012453,65440.90909090909,0,0.89366,YES
2026-06-22T23:48:00Z,16:48,512.9470000000001,575.0285588021476,64930.0,0,0.892037,YES
2026-06-22T23:49:00Z,16:49,509.2405833333334,571.3989007530018,64460.833333333336,0,0.891217,YES
2026-06-22T23:50:00Z,16:50,506.5875000000001,567.7561394988469,64125.0,0,0.892262,YES
2026-06-22T23:51:00Z,16:51,502.8278181818183,564.2540409806334,63649.09090909091,0,0.891137,YES
2026-06-22T23:52:00Z,16:52,499.122,560.7404269906068,63180.0,0,0.890112,YES
2026-06-22T23:53:00Z,16:53,495.88958333333335,557.0743874606395,62770.833333333336,0,0.890168,YES
2026-06-22T23:54:00Z,16:54,492.32141666666683,553.3855669909037,62319.166666666664,0,0.889654,YES
2026-06-22T23:55:00Z,16:55,488.97409090909093,549.863204359272,61895.454545454544,0,0.889265,YES
2026-06-22T23:56:00Z,16:56,486.06725000000006,546.3265377169209,61527.5,0,0.889701,YES
2026-06-22T23:57:00Z,16:57,482.2818333333334,542.6357557385653,61048.333333333336,0,0.888776,YES
2026-06-22T23:58:00Z,16:58,478.7005,538.9175128099633,60595.0,0,0.888263,YES
2026-06-22T23:59:00Z,16:59,475.9175454545455,535.3564987471709,60242.72727272727,0,0.888973,YES
2026-06-23T00:00:00Z,17:00,472.2225,531.7985101119319,59775.0,0,0.887973,YES
2026-06-23T00:01:00Z,17:01,468.37783333333346,528.0696067076082,59288.333333333336,0,0.886962,YES
2026-06-23T00:02:00Z,17:02,464.599,524.3236780672877,58810.0,0,0.886092,YES
2026-06-23T00:03:00Z,17:03,461.86990909090906,520.7463119794015,58464.545454545456,0,0.886938,YES
2026-06-23T00:04:00Z,17:04,458.64766666666674,517.1581838142022,58056.666666666664,0,0.886861,YES
2026-06-23T00:05:00Z,17:05,453.98008333333337,513.3928148875171,57465.833333333336,0,0.884274,YES
2026-06-23T00:06:00Z,17:06,450.82666666666665,509.62610170087873,57066.666666666664,0,0.884622,YES
2026-06-23T00:07:00Z,17:07,447.657090909091,506.0063778606047,56665.454545454544,0,0.884687,YES
2026-06-23T00:08:00Z,17:08,444.1775,502.3869332088544,56225.0,0,0.884134,YES
2026-06-23T00:09:00Z,17:09,440.8134166666667,498.61759520406616,55799.166666666664,0,0.884071,YES
2026-06-23T00:10:00Z,17:10,438.19145454545463,494.9757882768024,55467.27272727273,0,0.885279,YES
2026-06-23T00:11:00Z,17:11,433.9338333333333,491.3449030282361,54928.333333333336,0,0.883155,YES
2026-06-23T00:12:00Z,17:12,429.91141666666675,487.5535242434448,54419.166666666664,0,0.881773,YES
2026-06-23T00:13:00Z,17:13,426.58025000000004,483.7411125750896,53997.5,0,0.881836,YES
2026-06-23T00:14:00Z,17:14,422.67154545454554,480.08659907435975,53502.72727272727,0,0.880407,YES
2026-06-23T00:15:00Z,17:15,420.9185833333333,476.44219765756117,53280.833333333336,0,0.883462,YES
2026-06-23T00:16:00Z,17:16,416.81058333333334,472.6246740931376,52760.833333333336,0,0.881906,YES
2026-06-23T00:17:00Z,17:17,413.03174999999993,468.79171429026763,52282.5,0,0.881056,YES
2026-06-23T00:18:00Z,17:18,409.22718181818186,465.1274981463035,51800.90909090909,0,0.879817,YES
2026-06-23T00:19:00Z,17:19,405.4609166666667,461.4445968476006,51324.166666666664,0,0.878677,YES
2026-06-23T00:20:00Z,17:20,402.10999999999996,457.6081145863703,50900.0,0,0.878721,YES
2026-06-23T00:21:00Z,17:21,398.8183333333334,453.7723625581473,50483.333333333336,0,0.878895,YES
2026-06-23T00:22:00Z,17:22,395.5242727272728,450.0838757403855,50066.36363636364,0,0.878779,YES
2026-06-23T00:23:00Z,17:23,391.80050000000006,446.39671395878804,49595.0,0,0.877696,YES
2026-06-23T00:24:00Z,17:24,388.4693333333333,442.54863468165087,49173.333333333336,0,0.8778,YES
2026-06-23T00:25:00Z,17:25,384.4469166666667,438.6966860804716,48664.166666666664,0,0.876339,YES
2026-06-23T00:26:00Z,17:26,382.3384545454546,434.98122720713513,48397.27272727273,0,0.878977,YES
2026-06-23T00:27:00Z,17:27,378.00841666666673,431.2809732404212,47849.166666666664,0,0.876478,YES
2026-06-23T00:28:00Z,17:28,374.84841666666676,427.40785532353306,47449.166666666664,0,0.877027,YES
2026-06-23T00:29:00Z,17:29,371.28563636363646,423.6873407611965,46998.181818181816,0,0.87632,YES
2026-06-23T00:30:00Z,17:30,368.44283333333345,419.9834363339978,46638.333333333336,0,0.877279,YES
2026-06-23T00:31:00Z,17:31,364.86150000000004,416.11675603691134,46185.0,0,0.876825,YES
2026-06-23T00:32:00Z,17:32,360.7995833333334,412.23135337933354,45670.833333333336,0,0.875236,YES
2026-06-23T00:33:00Z,17:33,357.8053636363636,408.5101723733747,45291.818181818184,0,0.875879,YES
2026-06-23T00:34:00Z,17:34,353.32091666666673,404.7957036507657,44724.166666666664,0,0.872838,YES
2026-06-23T00:35:00Z,17:35,351.56316666666675,400.90803155354206,44501.666666666664,0,0.876917,YES
2026-06-23T00:36:00Z,17:36,348.05424999999997,397.0074685339648,44057.5,0,0.876694,YES
2026-06-23T00:37:00Z,17:37,344.7200909090909,393.2817976650038,43635.454545454544,0,0.876522,YES
2026-06-23T00:38:00Z,17:38,340.9376666666667,389.56005658497475,43156.666666666664,0,0.875186,YES
2026-06-23T00:39:00Z,17:39,338.17925,385.64322738942195,42807.5,0,0.876923,YES
2026-06-23T00:40:00Z,17:40,333.59725000000003,381.7565517729035,42227.5,0,0.873848,YES
2026-06-23T00:41:00Z,17:41,330.9597272727273,378.02352037279366,41893.63636363636,0,0.8755,YES
2026-06-23T00:42:00Z,17:42,328.13966666666676,374.2705337575728,41536.666666666664,0,0.876745,YES
2026-06-23T00:43:00Z,17:43,324.8150833333334,370.3748225339721,41115.833333333336,0,0.87699,YES
2026-06-23T00:44:00Z,17:44,320.7136666666666,366.47822521752914,40596.666666666664,0,0.875123,YES
2026-06-23T00:45:00Z,17:45,317.7954545454546,362.7341782499962,40227.27272727273,0,0.876111,YES
2026-06-23T00:46:00Z,17:46,314.51875,358.9958787040455,39812.5,0,0.876107,YES
2026-06-23T00:47:00Z,17:47,310.72675000000004,355.09232690163157,39332.5,0,0.875059,YES
2026-06-23T00:48:00Z,17:48,306.4984545454546,351.35927015721626,38797.27272727273,0,0.872322,YES
2026-06-23T00:49:00Z,17:49,302.3264166666667,347.6083832454305,38269.166666666664,0,0.869733,YES
2026-06-23T00:50:00Z,17:50,299.0874166666667,343.71011373144523,37859.166666666664,0,0.870173,YES
2026-06-23T00:51:00Z,17:51,294.6831666666667,339.8122396464202,37301.666666666664,0,0.867194,YES
2026-06-23T00:52:00Z,17:52,290.641,336.08553478677345,36790.0,0,0.864783,YES
2026-06-23T00:53:00Z,17:53,286.2301666666667,332.3258445118537,36231.666666666664,0,0.861294,YES
2026-06-23T00:54:00Z,17:54,281.4111666666667,328.43551499300924,35621.666666666664,0,0.856823,YES
2026-06-23T00:55:00Z,17:55,276.62508333333335,324.5251873726309,35015.833333333336,0,0.852399,YES
2026-06-23T00:56:00Z,17:56,272.8803636363637,320.7890736437153,34541.818181818184,0,0.850654,YES
2026-06-23T00:57:00Z,17:57,268.3169166666667,317.06361776382647,33964.166666666664,0,0.846256,YES
2026-06-23T00:58:00Z,17:58,264.17600000000004,313.1738793637996,33440.0,0,0.843544,YES
2026-06-23T00:59:00Z,17:59,260.93700000000007,309.26500609718863,33030.0,0,0.843733,YES
2026-06-23T01:00:00Z,18:00,256.83618181818184,305.54051510225156,32510.909090909092,0,0.840596,YES
2026-06-23T01:01:00Z,18:01,253.42541666666668,301.81351956455705,32079.166666666668,0,0.839675,YES
2026-06-23T01:02:00Z,18:02,250.06791666666672,297.91726016517833,31654.166666666668,0,0.839387,YES
2026-06-23T01:03:00Z,18:03,246.78283333333331,294.0397852471446,31238.333333333332,0,0.839284,YES
2026-06-23T01:04:00Z,18:04,243.8658181818182,290.3245209307559,30869.090909090908,0,0.839977,YES
2026-06-23T01:05:00Z,18:05,241.6939166666667,286.58948528059136,30594.166666666668,0,0.843345,YES
2026-06-23T01:06:00Z,18:06,238.44175000000004,282.7168109436077,30182.5,0,0.843394,YES
2026-06-23T01:07:00Z,18:07,235.79345454545455,278.99371350169196,29847.272727272728,0,0.845157,YES
2026-06-23T01:08:00Z,18:08,234.15600000000003,275.28793483742123,29640.0,0,0.850586,YES
2026-06-23T01:09:00Z,18:09,231.22641666666672,271.4275153497549,29269.166666666668,0,0.85189,YES
2026-06-23T01:10:00Z,18:10,228.65233333333333,267.56659184231927,28943.333333333332,0,0.854562,YES
2026-06-23T01:11:00Z,18:11,226.31345454545456,263.8803308744862,28647.272727272728,0,0.857637,YES
2026-06-23T01:12:00Z,18:12,223.95183333333333,260.2046617762562,28348.333333333332,0,0.860676,YES
2026-06-23T01:13:00Z,18:13,221.77275,256.35390468867394,28072.5,0,0.865104,YES
2026-06-23T01:14:00Z,18:14,219.04725000000005,252.524637499982,27727.5,0,0.867429,YES
2026-06-23T01:15:00Z,18:15,216.30200000000002,248.85926076876893,27380.0,0,0.869174,YES
2026-06-23T01:16:00Z,18:16,213.06300000000002,245.19090144507837,26970.0,0,0.868968,YES
2026-06-23T01:17:00Z,18:17,210.29800000000003,241.37000591039657,26620.0,0,0.871268,YES
2026-06-23T01:18:00Z,18:18,207.17091666666667,237.56650757864193,26224.166666666668,0,0.872054,YES
2026-06-23T01:19:00Z,18:19,204.10727272727271,233.914326209737,25836.363636363636,0,0.872573,YES
2026-06-23T01:20:00Z,18:20,202.09516666666664,230.27542050172926,25581.666666666668,0,0.877624,YES
2026-06-23T01:21:00Z,18:21,199.61983333333333,226.49949346303762,25268.333333333332,0,0.881326,YES
2026-06-23T01:22:00Z,18:22,197.04036363636368,222.8702317388818,24941.81818181818,0,0.884104,YES
2026-06-23T01:23:00Z,18:23,194.59016666666665,219.24402544041234,24631.666666666668,0,0.887551,YES
2026-06-23T01:24:00Z,18:24,192.049,215.48830342696309,24310.0,0,0.891227,YES
2026-06-23T01:25:00Z,18:25,189.20500000000007,211.7114533511842,23950.0,0,0.893693,YES
2026-06-23T01:26:00Z,18:26,186.71290909090914,208.1285972503634,23634.545454545456,0,0.897104,YES
2026-06-23T01:27:00Z,18:27,184.29383333333337,204.53219748321388,23328.333333333332,0,0.90105,YES
2026-06-23T01:28:00Z,18:28,181.38400000000001,200.81559268731075,22960.0,0,0.903237,YES
2026-06-23T01:29:00Z,18:29,178.30300000000005,197.2508043837727,22570.0,0,0.903941,YES
2026-06-23T01:30:00Z,18:30,175.3865833333334,193.69663704569095,22200.833333333332,0,0.90547,YES
2026-06-23T01:31:00Z,18:31,171.9369166666667,189.998131620657,21764.166666666668,0,0.90494,YES
2026-06-23T01:32:00Z,18:32,168.47408333333337,186.30688238723164,21325.833333333332,0,0.904283,YES
2026-06-23T01:33:00Z,18:33,165.1459090909091,182.79859673540773,20904.545454545456,0,0.903431,YES
2026-06-23T01:34:00Z,18:34,162.10141666666667,179.28492579320042,20519.166666666668,0,0.904155,YES
2026-06-23T01:35:00Z,18:35,158.54641666666666,175.6172834676753,20069.166666666668,0,0.902795,YES
2026-06-23T01:36:00Z,18:36,155.472,172.1384528591751,19680.0,0,0.90318,YES
2026-06-23T01:37:00Z,18:37,152.36466666666666,168.6874037655284,19286.666666666668,0,0.903237,YES
2026-06-23T01:38:00Z,18:38,148.95450000000002,165.09655391383262,18855.0,0,0.902227,YES
2026-06-23T01:39:00Z,18:39,145.71550000000002,161.51145888641574,18445.0,0,0.902199,YES
2026-06-23T01:40:00Z,18:40,143.01154545454548,158.0995709454198,18102.727272727272,0,0.904566,YES
2026-06-23T01:41:00Z,18:41,140.69241666666667,154.70672940140972,17809.166666666668,0,0.909414,YES
2026-06-23T01:42:00Z,18:42,138.092,151.17646695011697,17480.0,0,0.913449,YES
2026-06-23T01:43:00Z,18:43,136.37375,147.6442523785735,17262.5,0,0.923664,YES
2026-06-23T01:44:00Z,18:44,133.7757272727273,144.2981064973196,16933.636363636364,0,0.927079,YES
2026-06-23T01:45:00Z,18:45,131.00833333333335,140.9553173588702,16583.333333333332,0,0.929432,YES
2026-06-23T01:46:00Z,18:46,127.76275000000003,137.48731452395774,16172.5,0,0.929269,YES
2026-06-23T01:47:00Z,18:47,124.69491666666669,134.05608087823447,15784.166666666666,0,0.93017,YES
2026-06-23T01:48:00Z,18:48,121.99036363636365,130.78614861205247,15441.818181818182,0,0.932747,YES
2026-06-23T01:49:00Z,18:49,119.60600000000001,127.53264355830187,15140.0,0,0.937846,YES
2026-06-23T01:50:00Z,18:50,116.97925000000002,124.14529095719139,14807.5,0,0.942277,YES
2026-06-23T01:51:00Z,18:51,113.91800000000002,120.79895277833306,14420.0,0,0.943038,YES
2026-06-23T01:52:00Z,18:52,109.94645454545457,117.60784955584704,13917.272727272728,0,0.934856,YES
2026-06-23T01:53:00Z,18:53,105.76125000000002,114.43231685951945,13387.5,0,0.924225,YES
2026-06-23T01:54:00Z,18:54,102.12066666666668,111.15185517832248,12926.666666666666,0,0.918749,YES
2026-06-23T01:55:00Z,18:55,99.23716666666668,107.9014732210735,12561.666666666666,0,0.919702,YES
2026-06-23T01:56:00Z,18:56,96.94018181818183,104.80537020886376,12270.90909090909,0,0.924954,YES
2026-06-23T01:57:00Z,18:57,94.94483333333335,101.73667191319839,12018.333333333334,0,0.933241,YES
2026-06-23T01:58:00Z,18:58,92.68016666666666,98.55721034899663,11731.666666666666,0,0.940369,YES
2026-06-23T01:59:00Z,18:59,90.78416666666668,95.41111132372221,11491.666666666666,0,0.951505,YES
2026-06-23T02:00:00Z,19:00,88.9468181818182,92.42247540938583,11259.09090909091,0,0.962394,YES
2026-06-23T02:01:00Z,19:01,87.38058333333333,89.45616745992129,11060.833333333334,0,0.976798,YES
2026-06-23T02:02:00Z,19:02,85.58991666666668,86.39191844903384,10834.166666666666,0,0.990717,YES
2026-06-23T02:03:00Z,19:03,83.63945454545456,83.49691136337066,10587.272727272728,0,1.001707,YES
2026-06-23T02:04:00Z,19:04,81.25808333333335,80.61416332166591,10285.833333333334,0,1.007988,YES
2026-06-23T02:05:00Z,19:05,78.51283333333335,77.65303997505411,9938.333333333334,0,1.011072,YES
2026-06-23T02:06:00Z,19:06,76.10991666666668,74.72785596851467,9634.166666666666,0,1.018495,YES
2026-06-23T02:07:00Z,19:07,74.00863636363637,71.95585594483792,9368.181818181818,0,1.028528,YES
2026-06-23T02:08:00Z,19:08,72.48908333333334,69.22098610362067,9175.833333333334,0,1.047213,YES
2026-06-23T02:09:00Z,19:09,70.75766666666667,66.40746450037433,8956.666666666666,0,1.065508,YES
2026-06-23T02:10:00Z,19:10,69.28958333333335,63.627049548354414,8770.833333333334,0,1.088996,YES
2026-06-23T02:11:00Z,19:11,67.85381818181818,61.01567417388957,8589.09090909091,0,1.112072,YES
2026-06-23T02:12:00Z,19:12,66.34683333333334,58.443872813579894,8398.333333333334,0,1.135223,YES
2026-06-23T02:13:00Z,19:13,64.65491666666667,55.800042597227076,8184.166666666667,0,1.158689,YES
2026-06-23T02:14:00Z,19:14,63.04200000000001,53.19132696343382,7980.0,0,1.185193,YES
2026-06-23T02:15:00Z,19:15,61.699000000000005,50.74465100439675,7810.0,0,1.215872,NO
2026-06-23T02:16:00Z,19:16,60.21775,48.35000935994227,7622.5,0,1.245455,NO
2026-06-23T02:17:00Z,19:17,58.65091666666668,45.889316946690435,7424.166666666667,0,1.278095,NO
2026-06-23T02:18:00Z,19:18,57.14991666666668,43.47984881727524,7234.166666666667,0,1.3144,NO
2026-06-23T02:19:00Z,19:19,55.565727272727266,41.226122128387516,7033.636363636364,0,1.347828,NO
2026-06-23T02:20:00Z,19:20,53.81216666666668,39.02169706911898,6811.666666666667,0,1.379032,NO
2026-06-23T02:21:00Z,19:21,52.219000000000015,36.77288073433415,6610.0,0,1.420041,NO
2026-06-23T02:22:00Z,19:22,50.46125000000001,34.57223936614391,6387.5,0,1.459589,NO
2026-06-23T02:23:00Z,19:23,48.635272727272735,32.526273910425715,6156.363636363636,0,1.495261,NO
2026-06-23T02:24:00Z,19:24,46.675833333333344,30.53591611802864,5908.333333333333,0,1.528555,NO
2026-06-23T02:25:00Z,19:25,44.714000000000006,28.511270478341817,5660.0,0,1.568292,NO
2026-06-23T02:26:00Z,19:26,43.02208333333334,26.557970804787974,5445.833333333333,0,1.619931,NO
2026-06-23T02:27:00Z,19:27,41.62581818181818,24.74551111725369,5269.090909090909,0,1.682156,NO
2026-06-23T02:28:00Z,19:28,40.211000000000006,22.9951698977045,5090.0,0,1.748672,NO
2026-06-23T02:29:00Z,19:29,38.67708333333334,21.22960798226097,4895.833333333333,0,1.821846,NO
2026-06-23T02:30:00Z,19:30,37.18925,19.537716197257463,4707.5,0,1.903459,NO
2026-06-23T02:31:00Z,19:31,35.822909090909086,17.983187975914685,4534.545454545455,0,1.992022,NO
2026-06-23T02:32:00Z,19:32,34.523,16.487324359345674,4370.0,0,2.093912,NO
2026-06-23T02:33:00Z,19:33,33.239250000000006,14.999599848601468,4207.5,0,2.216009,NO
2026-06-23T02:34:00Z,19:34,32.10272727272727,13.647727722883259,4063.6363636363635,0,2.35224,NO
2026-06-23T02:35:00Z,19:35,30.928500000000003,12.354831958814648,3915.0,0,2.503353,NO
2026-06-23T02:36:00Z,19:36,29.802750000000003,11.088598234223959,3772.5,0,2.687693,NO
2026-06-23T02:37:00Z,19:37,28.663833333333333,9.899581893621194,3628.3333333333335,0,2.895459,NO
2026-06-23T02:38:00Z,19:38,27.571,8.823765956597965,3490.0,0,3.12463,NO
2026-06-23T02:39:00Z,19:39,26.557166666666664,7.824482776380562,3361.6666666666665,0,3.394111,NO
2026-06-23T02:40:00Z,19:40,25.477500000000003,6.85750019329027,3225.0,0,3.715275,NO
2026-06-23T02:41:00Z,19:41,24.391250000000003,5.9635265905826325,3087.5,0,4.090071,NO
2026-06-23T02:42:00Z,19:42,23.398363636363637,5.174583829844393,2961.818181818182,0,4.521787,NO
2026-06-23T02:43:00Z,19:43,22.422833333333333,4.457523358376657,2838.3333333333335,0,5.030334,NO
2026-06-23T02:44:00Z,19:44,21.415583333333334,3.778899098503894,2710.8333333333335,0,5.667149,NO
2026-06-23T02:45:00Z,19:45,20.375416666666666,3.169253222586636,2579.1666666666665,0,6.429091,NO
2026-06-23T02:46:00Z,19:46,19.448363636363638,2.6514388206946107,2461.818181818182,0,7.335023,NO
2026-06-23T02:47:00Z,19:47,18.505750000000003,2.1918358716552007,2342.5,0,8.443036,NO
2026-06-23T02:48:00Z,19:48,17.551166666666667,1.7738676013130046,2221.6666666666665,0,9.894293,NO
2026-06-23T02:49:00Z,19:49,16.609750000000002,1.4159902742677286,2102.5,0,11.73013,NO
2026-06-23T02:50:00Z,19:50,15.728181818181817,1.122324305086111,1990.909090909091,0,14.013937,NO
2026-06-23T02:51:00Z,19:51,14.634750000000002,0.876304714004768,1852.5,0,16.700526,NO
2026-06-23T02:52:00Z,19:52,13.456333333333333,0.6641974029425334,1703.3333333333333,0,20.259539,NO
2026-06-23T02:53:00Z,19:53,12.611272727272729,0.498631787993258,1596.3636363636363,0,25.291754,NO
2026-06-23T02:54:00Z,19:54,11.90925,0.366139755939596,1507.5,0,32.526514,NO
2026-06-23T02:55:00Z,19:55,11.165333333333335,0.2591213839100301,1413.3333333333333,0,43.089201,NO
2026-06-23T02:56:00Z,19:56,10.474083333333335,0.17795729624474044,1325.8333333333333,0,58.857285,NO
2026-06-23T02:57:00Z,19:57,9.860636363636365,0.12028524544722802,1248.1818181818182,0,81.977106,NO
2026-06-23T02:58:00Z,19:58,9.2035,0.07880610110611888,1165.0,0,116.786643,NO
2026-06-23T02:59:00Z,19:59,8.466166666666666,0.04853952420661877,1071.6666666666667,0,174.417999,NO
2026-06-23T03:00:00Z,20:00,7.774916666666667,0.028375464020477748,984.1666666666666,0,274.001393,NO
2026-06-23T03:01:00Z,20:01,7.174636363636364,0.015874621333014944,908.1818181818181,0,451.956378,NO
2026-06-23T03:02:00Z,20:02,6.596500000000002,0.008194555461297945,835.0,0,804.985704,NO
2026-06-23T03:03:00Z,20:03,5.997416666666666,0.003489476054025893,759.1666666666666,0,1718.715525,NO
2026-06-23T03:04:00Z,20:04,5.4510000000000005,0.000974629470628585,690.0,0,5592.894699,NO
2026-06-23T03:05:00Z,20:05,4.941090909090911,1.9468546984238553e-05,625.4545454545455,0,253798.648306,NO
2026-06-23T03:06:00Z,20:06,4.456916666666666,0,564.1666666666666,0,,
2026-06-23T03:07:00Z,20:07,3.9960833333333343,0,505.8333333333333,0,,
2026-06-23T03:08:00Z,20:08,3.561583333333333,0,450.8333333333333,0,,
2026-06-23T03:09:00Z,20:09,3.1743636363636365,0,401.8181818181818,0,,
2026-06-23T03:10:00Z,20:10,2.811083333333334,0,355.8333333333333,0,,
2026-06-23T03:11:00Z,20:11,2.4687500000000004,0,312.5,0,,
2026-06-23T03:12:00Z,20:12,2.168909090909091,0,274.54545454545456,0,,
2026-06-23T03:13:00Z,20:13,1.8960000000000001,0,240.0,0,,
2026-06-23T03:14:00Z,20:14,1.632666666666667,0,206.66666666666666,0,,
2026-06-23T03:15:00Z,20:15,1.4022500000000002,0,177.5,0,,
2026-06-23T03:16:00Z,20:16,1.2065454545454548,0,152.72727272727272,0,,
2026-06-23T03:17:00Z,20:17,1.0270000000000001,0,130.0,0,,
2026-06-23T03:18:00Z,20:18,0.8624166666666664,0,109.16666666666667,0,,
2026-06-23T03:19:00Z,20:19,0.7241666666666667,0,91.66666666666667,0,,
2026-06-23T03:20:00Z,20:20,0.5960909090909091,0,75.45454545454545,0,,
2026-06-23T03:21:00Z,20:21,0.49375000000000013,0,62.5,0,,
2026-06-23T03:22:00Z,20:22,0.4081666666666666,0,51.666666666666664,0,,
2026-06-23T03:23:00Z,20:23,0.3225833333333333,0,40.833333333333336,0,,
2026-06-23T03:24:00Z,20:24,0.25854545454545463,0,32.72727272727273,0,,
2026-06-23T03:25:00Z,20:25,0.21066666666666667,0,26.666666666666668,0,,
2026-06-23T03:26:00Z,20:26,0.158,0,20.0,0,,
2026-06-23T03:27:00Z,20:27,0.12508333333333335,0,15.833333333333334,0,,
2026-06-23T03:28:00Z,20:28,0.079,0,10.0,0,,
2026-06-23T03:29:00Z,20:29,0.079,0,10.0,0,,
2026-06-23T03:30:00Z,20:30,0.07241666666666667,0,9.166666666666666,0,,
