timestamp_utc,local_time,radiation_wm2,weewx_maxSolarRad,pvlib_ghi,kcs_weewx,kcs_pvlib
2026-06-22T12:19:00Z,5:19,0.06463636363636364,0.0,0.0,,
2026-06-22T12:20:00Z,5:20,0.079,0.0,0.0,,
2026-06-22T12:21:00Z,5:21,0.079,0.0,0.0,,
2026-06-22T12:22:00Z,5:22,0.11490909090909093,0.0,0.0,,
2026-06-22T12:23:00Z,5:23,0.158,0.0,0.0,,
2026-06-22T12:24:00Z,5:24,0.2040833333333334,0.0,0.0,,
2026-06-22T12:25:00Z,5:25,0.2501666666666667,0.0,0.0,,
2026-06-22T12:26:00Z,5:26,0.316,0.0,0.0,,
2026-06-22T12:27:00Z,5:27,0.395,0.0,0.0,,
2026-06-22T12:28:00Z,5:28,0.48716666666666675,0.0,0.0,,
2026-06-22T12:29:00Z,5:29,0.5924999999999999,0.0,0.0,,
2026-06-22T12:30:00Z,5:30,0.7110000000000002,0.0,0.0,,
2026-06-22T12:31:00Z,5:31,0.8360833333333333,0.0,0.0,,
2026-06-22T12:32:00Z,5:32,1.0006666666666668,0.0,0.0,,
2026-06-22T12:33:00Z,5:33,1.1634545454545455,0.0,0.0,,
2026-06-22T12:34:00Z,5:34,1.3495833333333336,0.0,0.0,,
2026-06-22T12:35:00Z,5:35,1.5668333333333333,0.0,0.0,,
2026-06-22T12:36:00Z,5:36,1.8235833333333338,0.0,0.0,,
2026-06-22T12:37:00Z,5:37,2.068363636363636,0.0,0.0,,
2026-06-22T12:38:00Z,5:38,2.3436666666666675,0.0,0.0,,
2026-06-22T12:39:00Z,5:39,2.6728333333333336,0.0,0.0,,
2026-06-22T12:40:00Z,5:40,3.0085833333333327,0.0,0.0,,
2026-06-22T12:41:00Z,5:41,3.375454545454545,0.0,0.0,,
2026-06-22T12:42:00Z,5:42,3.7525000000000013,0.0,0.0,,
2026-06-22T12:43:00Z,5:43,4.1738333333333335,0.0,0.0,,
2026-06-22T12:44:00Z,5:44,4.621500000000001,2.384183744925932e-05,0.0,193839.9257,2828.5996
2026-06-22T12:45:00Z,5:45,5.077545454545454,0.0009541656596001609,0.01,5321.4506,413.9113
2026-06-22T12:46:00Z,5:46,5.576083333333334,0.0033452535822905086,0.03,1666.8642,180.4367
2026-06-22T12:47:00Z,5:47,6.109333333333332,0.007892077379336662,0.06,774.1097,100.2872
2026-06-22T12:48:00Z,5:48,6.6647272727272755,0.015371559363163893,0.11,433.5752,62.6537
2026-06-22T12:49:00Z,5:49,7.2285,0.027594570871870422,0.17,261.9537,42.0384
2026-06-22T12:50:00Z,5:50,7.886833333333335,0.04731153830883885,0.26,166.7,30.0071
2026-06-22T12:51:00Z,5:51,8.564916666666669,0.07703811599258391,0.38,111.1776,22.2718
2026-06-22T12:52:00Z,5:52,9.264545454545456,0.11805436873288624,0.54,78.4769,17.0657
2026-06-22T12:53:00Z,5:53,9.980333333333334,0.17475424998791758,0.74,57.1107,13.4233
2026-06-22T12:54:00Z,5:54,10.770333333333335,0.2548088103080917,0.99,42.2683,10.8564
2026-06-22T12:55:00Z,5:55,11.626166666666668,0.36179546815486835,1.29,32.1346,8.9856
2026-06-22T12:56:00Z,5:56,12.482000000000001,0.4927149650993528,1.65,25.3331,7.5475
2026-06-22T12:57:00Z,5:57,13.351,0.6568395960761898,2.08,20.3261,6.4303
2026-06-22T12:58:00Z,5:58,14.25291666666667,0.8669630700245881,2.57,16.4401,5.5564
2026-06-22T12:59:00Z,5:59,15.124909090909092,1.112622540309148,3.12,13.5939,4.842
2026-06-22T13:00:00Z,6:00,16.05675,1.4036018379782191,3.75,11.4397,4.2766
2026-06-22T13:01:00Z,6:01,17.024500000000003,1.7598383474242567,4.46,9.6739,3.8172
2026-06-22T13:02:00Z,6:02,17.972500000000004,2.176808548803096,5.24,8.2564,3.4289
2026-06-22T13:03:00Z,6:03,18.91690909090909,2.631457925797162,6.1,7.1888,3.1012
2026-06-22T13:04:00Z,6:04,19.894833333333334,3.147568313641184,7.04,6.3207,2.8275
2026-06-22T13:05:00Z,6:05,20.954750000000004,3.7536894092317006,8.05,5.5824,2.6031
2026-06-22T13:06:00Z,6:06,22.12,4.430370332050038,9.14,4.9928,2.4197
2026-06-22T13:07:00Z,6:07,23.254727272727276,5.143550584271219,10.31,4.5211,2.2555
2026-06-22T13:08:00Z,6:08,24.483416666666674,5.927317858768082,11.55,4.1306,2.1189
2026-06-22T13:09:00Z,6:09,25.83300000000001,6.81800705173831,12.87,3.7889,2.0065
2026-06-22T13:10:00Z,6:10,27.11016666666667,7.783121475206908,14.27,3.4832,1.9001
2026-06-22T13:11:00Z,6:11,28.332272727272724,8.782321463075696,15.73,3.2261,1.8007
2026-06-22T13:12:00Z,6:12,29.53283333333333,9.86151149740779,17.27,2.9948,1.71
2026-06-22T13:13:00Z,6:13,30.802818181818182,11.033363630946452,18.88,2.7918,1.6318
2026-06-22T13:14:00Z,6:14,32.146416666666674,12.25317148586525,20.55,2.6235,1.5644
2026-06-22T13:15:00Z,6:15,33.07466666666667,13.594188889572287,22.29,2.433,1.484
2026-06-22T13:16:00Z,6:16,34.235727272727274,14.949302267329307,24.09,2.2901,1.4212
2026-06-22T13:17:00Z,6:17,35.96475,16.37444069618959,25.95,2.1964,1.3857
2026-06-22T13:18:00Z,6:18,37.5645,17.931656686451888,27.88,2.0949,1.3475
2026-06-22T13:19:00Z,6:19,39.07627272727273,19.494640643392703,29.86,2.0045,1.3087
2026-06-22T13:20:00Z,6:20,40.711333333333336,21.12929372483022,31.9,1.9268,1.2764
2026-06-22T13:21:00Z,6:21,42.33741666666666,22.90291830487084,33.99,1.8486,1.2456
2026-06-22T13:22:00Z,6:22,43.81866666666667,24.72508941350166,36.13,1.7722,1.2127
2026-06-22T13:23:00Z,6:23,45.20954545454546,26.536292032973964,38.33,1.7037,1.1795
2026-06-22T13:24:00Z,6:24,46.67583333333334,28.40875621298227,40.57,1.643,1.1504
2026-06-22T13:25:00Z,6:25,48.44016666666667,30.42450934877016,42.86,1.5921,1.1301
2026-06-22T13:26:00Z,6:26,49.956727272727285,32.41491468563047,45.2,1.5412,1.1052
2026-06-22T13:27:00Z,6:27,51.32366666666667,34.471937777013444,47.58,1.4889,1.0787
2026-06-22T13:28:00Z,6:28,52.71275000000001,36.657694146985556,50.0,1.438,1.0542
2026-06-22T13:29:00Z,6:29,54.18741666666667,38.903391385083374,52.47,1.3929,1.0328
2026-06-22T13:30:00Z,6:30,55.687818181818194,41.10585421338215,54.97,1.3547,1.013
2026-06-22T13:31:00Z,6:31,57.20258333333334,43.36887756747302,57.51,1.319,0.9946
2026-06-22T13:32:00Z,6:32,58.808916666666676,45.769171046358814,60.09,1.2849,0.9786
2026-06-22T13:33:00Z,6:33,60.38233333333335,48.230617273698556,62.71,1.252,0.9629
2026-06-22T13:34:00Z,6:34,61.94318181818182,50.6397107663531,65.36,1.2232,0.9478
2026-06-22T13:35:00Z,6:35,63.16708333333333,53.081184860098766,68.04,1.19,0.9284
2026-06-22T13:36:00Z,6:36,64.72075000000001,55.67353857574039,70.75,1.1625,0.9148
2026-06-22T13:37:00Z,6:37,66.24150000000002,58.325899958789755,73.49,1.1357,0.9013
2026-06-22T13:38:00Z,6:38,67.83227272727272,60.90273229632073,76.27,1.1138,0.8894
2026-06-22T13:39:00Z,6:39,69.44758333333334,63.516349835048565,79.07,1.0934,0.8783
2026-06-22T13:40:00Z,6:40,70.94858333333335,66.29495896076632,81.9,1.0702,0.8663
2026-06-22T13:41:00Z,6:41,72.66025,69.10671679925915,84.75,1.0514,0.8573
2026-06-22T13:42:00Z,6:42,74.06609090909092,71.83570796006255,87.63,1.031,0.8452
2026-06-22T13:43:00Z,6:43,75.61616666666667,74.60641894449608,90.54,1.0135,0.8352
2026-06-22T13:44:00Z,6:44,77.32125,77.52990257409307,93.47,0.9973,0.8273
2026-06-22T13:45:00Z,6:45,79.32916666666668,80.4853759773914,96.42,0.9856,0.8228
2026-06-22T13:46:00Z,6:46,81.51363636363637,83.37023490432325,99.39,0.9777,0.8201
2026-06-22T13:47:00Z,6:47,84.08891666666668,86.2682725934153,102.39,0.9747,0.8213
2026-06-22T13:48:00Z,6:48,86.54450000000001,89.31852608642753,105.4,0.9689,0.8211
2026-06-22T13:49:00Z,6:49,87.66127272727273,92.28680070481764,108.44,0.9499,0.8084
2026-06-22T13:50:00Z,6:50,88.11133333333335,95.27904470390298,111.49,0.9248,0.7903
2026-06-22T13:51:00Z,6:51,89.18441666666668,98.41947398395443,114.57,0.9062,0.7784
2026-06-22T13:52:00Z,6:52,90.91583333333335,101.61490045755626,117.66,0.8947,0.7727
2026-06-22T13:53:00Z,6:53,92.65263636363638,104.6832195620186,120.77,0.8851,0.7672
2026-06-22T13:54:00Z,6:54,95.26083333333332,107.77739200291722,123.89,0.8839,0.7689
2026-06-22T13:55:00Z,6:55,98.24966666666667,111.03997172697382,127.03,0.8848,0.7734
2026-06-22T13:56:00Z,6:56,101.66641666666668,114.32391037314768,130.19,0.8893,0.7809
2026-06-22T13:57:00Z,6:57,105.84563636363636,117.49114470179475,133.36,0.9009,0.7937
2026-06-22T13:58:00Z,6:58,109.099,120.68419598347282,136.54,0.904,0.799
2026-06-22T13:59:00Z,6:59,111.44266666666665,124.04332633200853,139.74,0.8984,0.7975
2026-06-22T14:00:00Z,7:00,112.48283333333336,127.41606341137349,142.95,0.8828,0.7869
2026-06-22T14:01:00Z,7:01,112.63245454545455,130.67079773273602,146.18,0.862,0.7705
2026-06-22T14:02:00Z,7:02,112.62766666666666,133.96576225229066,149.41,0.8407,0.7538
2026-06-22T14:03:00Z,7:03,113.34525000000001,137.41036358302935,152.66,0.8249,0.7425
2026-06-22T14:04:00Z,7:04,114.70800000000003,140.74249279543162,155.92,0.815,0.7357
2026-06-22T14:05:00Z,7:05,116.82125,144.07566344417685,159.19,0.8108,0.7338
2026-06-22T14:06:00Z,7:06,119.09908333333335,147.5799098926216,162.48,0.807,0.733
2026-06-22T14:07:00Z,7:07,121.36375000000002,151.09250200031974,165.77,0.8032,0.7321
2026-06-22T14:08:00Z,7:08,123.36209090909095,154.48042526979228,169.07,0.7986,0.7297
2026-06-22T14:09:00Z,7:09,126.40658333333333,157.88166988271442,172.38,0.8006,0.7333
2026-06-22T14:10:00Z,7:10,130.1459166666667,161.4551535213848,175.7,0.8061,0.7407
2026-06-22T14:11:00Z,7:11,135.62983333333338,165.02525389229382,179.03,0.8219,0.7576
2026-06-22T14:12:00Z,7:12,140.73490909090913,168.46736917084252,182.37,0.8354,0.7717
2026-06-22T14:13:00Z,7:13,145.14275,171.93103186758552,185.71,0.8442,0.7815
2026-06-22T14:14:00Z,7:14,150.87683333333334,175.559519843135,189.06,0.8594,0.798
2026-06-22T14:15:00Z,7:15,158.0395,179.18720106044486,192.42,0.882,0.8213
2026-06-22T14:16:00Z,7:16,166.2447272727273,182.70538539470706,195.79,0.9099,0.8491
2026-06-22T14:17:00Z,7:17,173.31283333333332,186.20824405166493,199.17,0.9307,0.8702
2026-06-22T14:18:00Z,7:18,175.83425,189.87901194250261,202.55,0.926,0.8681
2026-06-22T14:19:00Z,7:19,147.4427272727273,193.42728377847558,205.93,0.7623,0.716
2026-06-22T14:20:00Z,7:20,146.09075,196.96970373424304,209.33,0.7417,0.6979
2026-06-22T14:21:00Z,7:21,143.32575,200.6748393821929,212.72,0.7142,0.6738
2026-06-22T14:22:00Z,7:22,133.22033333333337,204.41621484863379,216.13,0.6517,0.6164
2026-06-22T14:23:00Z,7:23,127.07509090909092,207.98821348619458,219.54,0.611,0.5788
2026-06-22T14:24:00Z,7:24,122.30516666666666,211.5742761352416,222.95,0.5781,0.5486
2026-06-22T14:25:00Z,7:25,120.56058333333334,215.3353506623749,226.37,0.5599,0.5326
2026-06-22T14:26:00Z,7:26,122.13400000000001,219.09568942753083,229.79,0.5574,0.5315
2026-06-22T14:27:00Z,7:27,124.82000000000002,222.71119930739818,233.22,0.5605,0.5352
2026-06-22T14:28:00Z,7:28,126.00500000000004,226.33998535613833,236.65,0.5567,0.5325
2026-06-22T14:29:00Z,7:29,124.21433333333334,230.11546228058566,240.08,0.5398,0.5174
2026-06-22T14:30:00Z,7:30,120.69763636363638,233.74831068385245,243.52,0.5164,0.4956
2026-06-22T14:31:00Z,7:31,117.51908333333334,237.40571084742342,246.96,0.495,0.4759
2026-06-22T14:32:00Z,7:32,115.86666666666667,241.20878756212414,250.4,0.4804,0.4627
2026-06-22T14:33:00Z,7:33,114.20108333333336,245.01889174912662,253.85,0.4661,0.4499
2026-06-22T14:34:00Z,7:34,112.79045454545457,248.69159431516107,257.3,0.4535,0.4384
2026-06-22T14:35:00Z,7:35,111.6796666666667,252.3518704120563,260.75,0.4426,0.4283
2026-06-22T14:36:00Z,7:36,111.06741666666669,256.1807577901881,264.2,0.4336,0.4204
2026-06-22T14:37:00Z,7:37,111.10691666666668,260.0415891357066,267.66,0.4273,0.4151
2026-06-22T14:38:00Z,7:38,112.48163636363637,263.7226417759171,271.11,0.4265,0.4149
2026-06-22T14:39:00Z,7:39,114.04966666666671,267.40288082939986,274.57,0.4265,0.4154
2026-06-22T14:40:00Z,7:40,114.2735,271.2634888322049,278.03,0.4213,0.411
2026-06-22T14:41:00Z,7:41,114.64875,275.12361374803555,281.5,0.4167,0.4073
2026-06-22T14:42:00Z,7:42,115.67754545454545,278.8233846920548,284.96,0.4149,0.4059
2026-06-22T14:43:00Z,7:43,116.55133333333333,282.5414223000895,288.42,0.4125,0.4041
2026-06-22T14:44:00Z,7:44,117.80875000000002,286.41382933978883,291.89,0.4113,0.4036
2026-06-22T14:45:00Z,7:45,131.48233333333334,290.2741255313091,295.35,0.453,0.4452
2026-06-22T14:46:00Z,7:46,156.341,293.98873163071715,298.82,0.5318,0.5232
2026-06-22T14:47:00Z,7:47,145.12300000000002,297.70918932636835,302.28,0.4875,0.4801
2026-06-22T14:48:00Z,7:48,137.40733333333338,301.5946467466152,305.75,0.4556,0.4494
2026-06-22T14:49:00Z,7:49,126.21566666666666,305.4722585476113,309.22,0.4132,0.4082
2026-06-22T14:50:00Z,7:50,121.43018181818182,309.19179213801294,312.68,0.3927,0.3883
2026-06-22T14:51:00Z,7:51,118.30908333333332,312.92257973573504,316.15,0.3781,0.3742
2026-06-22T14:52:00Z,7:52,116.7554166666667,316.8173979796693,319.61,0.3685,0.3653
2026-06-22T14:53:00Z,7:53,117.09116666666667,320.7087665995717,323.08,0.3651,0.3624
2026-06-22T14:54:00Z,7:54,119.55572727272728,324.43557053396904,326.54,0.3685,0.3661
2026-06-22T14:55:00Z,7:55,122.24591666666669,328.1834434030458,330.0,0.3725,0.3704
2026-06-22T14:56:00Z,7:56,123.57575000000001,332.0895009465341,333.47,0.3721,0.3706
2026-06-22T14:57:00Z,7:57,123.21127272727273,335.8543793227699,336.93,0.3669,0.3657
2026-06-22T14:58:00Z,7:58,121.96283333333334,339.6339629201401,340.39,0.3591,0.3583
2026-06-22T14:59:00Z,7:59,121.5546666666667,343.5635530437599,343.84,0.3538,0.3535
2026-06-22T15:00:00Z,8:00,121.8898181818182,347.3320169857291,347.3,0.3509,0.351
2026-06-22T15:01:00Z,8:01,122.45000000000003,351.07365670460416,350.76,0.3488,0.3491
2026-06-22T15:02:00Z,8:02,123.52966666666669,354.9879240173944,354.21,0.348,0.3487
2026-06-22T15:03:00Z,8:03,124.91875,358.8808011283282,357.66,0.3481,0.3493
2026-06-22T15:04:00Z,8:04,127.42699999999999,362.61807176042623,361.11,0.3514,0.3529
2026-06-22T15:05:00Z,8:05,131.73250000000002,366.37361539171957,364.55,0.3596,0.3614
2026-06-22T15:06:00Z,8:06,137.68383333333335,370.2754547018969,368.0,0.3718,0.3741
2026-06-22T15:07:00Z,8:07,142.40109090909095,374.0169216372464,371.44,0.3807,0.3834
2026-06-22T15:08:00Z,8:08,144.43175,377.7689437846869,374.88,0.3823,0.3853
2026-06-22T15:09:00Z,8:09,144.63583333333332,381.6623189440122,378.32,0.379,0.3823
2026-06-22T15:10:00Z,8:10,144.38566666666668,385.55424312358474,381.75,0.3745,0.3782
2026-06-22T15:11:00Z,8:11,144.23963636363638,389.2925601701514,385.18,0.3705,0.3745
2026-06-22T15:12:00Z,8:12,144.16841666666667,393.02104055272457,388.61,0.3668,0.371
2026-06-22T15:13:00Z,8:13,143.27966666666669,396.9130858774595,392.03,0.361,0.3655
2026-06-22T15:14:00Z,8:14,141.69966666666667,400.80833573142536,395.45,0.3535,0.3583
2026-06-22T15:15:00Z,8:15,141.0365454545455,404.5294277406047,398.87,0.3486,0.3536
2026-06-22T15:16:00Z,8:16,141.85108333333332,408.2487567460817,402.28,0.3475,0.3526
2026-06-22T15:17:00Z,8:17,143.148,412.14216564158255,405.69,0.3473,0.3528
2026-06-22T15:18:00Z,8:18,144.53708333333336,416.02228426532156,409.1,0.3474,0.3533
2026-06-22T15:19:00Z,8:19,146.28645454545455,419.73485183100115,412.5,0.3485,0.3546
2026-06-22T15:20:00Z,8:20,148.68458333333334,423.4421773670149,415.9,0.3511,0.3575
2026-06-22T15:21:00Z,8:21,150.78466666666668,427.31864907122963,419.3,0.3529,0.3596
2026-06-22T15:22:00Z,8:22,152.00258333333335,431.18126425862494,422.69,0.3525,0.3596
2026-06-22T15:23:00Z,8:23,152.67109090909096,434.88200932071663,426.08,0.3511,0.3583
2026-06-22T15:24:00Z,8:24,153.10858333333334,438.59179547244366,429.46,0.3491,0.3565
2026-06-22T15:25:00Z,8:25,154.03025000000002,442.4437882539541,432.84,0.3481,0.3559
2026-06-22T15:26:00Z,8:26,155.20866666666666,446.2866372628732,436.21,0.3478,0.3558
2026-06-22T15:27:00Z,8:27,156.70009090909093,450.0018864615526,439.58,0.3482,0.3565
2026-06-22T15:28:00Z,8:28,158.5464166666667,453.6884900931348,442.94,0.3495,0.3579
2026-06-22T15:29:00Z,8:29,161.46283333333335,457.53992970892836,446.3,0.3529,0.3618
2026-06-22T15:30:00Z,8:30,166.15854545454548,461.2173343535106,449.66,0.3603,0.3695
2026-06-22T15:31:00Z,8:31,172.68741666666673,464.89087665480037,453.01,0.3715,0.3812
2026-06-22T15:32:00Z,8:32,180.0805,468.73396358291126,456.35,0.3842,0.3946
2026-06-22T15:33:00Z,8:33,187.54600000000002,472.54617582627833,459.69,0.3969,0.408
2026-06-22T15:34:00Z,8:34,192.12800000000004,476.2016730240312,463.02,0.4035,0.4149
2026-06-22T15:35:00Z,8:35,192.9575,479.8500000401653,466.35,0.4021,0.4138
2026-06-22T15:36:00Z,8:36,193.1286666666667,483.66273522155507,469.67,0.3993,0.4112
2026-06-22T15:37:00Z,8:37,195.0839166666667,487.4545554300382,472.99,0.4002,0.4124
2026-06-22T15:38:00Z,8:38,198.16072727272729,491.0956424407932,476.3,0.4035,0.416
2026-06-22T15:39:00Z,8:39,202.02275,494.74356930995697,479.61,0.4083,0.4212
2026-06-22T15:40:00Z,8:40,204.12283333333338,498.51886662758443,482.91,0.4095,0.4227
2026-06-22T15:41:00Z,8:41,203.7625454545455,502.13812763211155,486.2,0.4058,0.4191
2026-06-22T15:42:00Z,8:42,203.4776666666667,505.78019022265613,489.49,0.4023,0.4157
2026-06-22T15:43:00Z,8:43,204.74825,509.53790896544183,492.77,0.4018,0.4155
2026-06-22T15:44:00Z,8:44,206.38091666666665,513.3200061370466,496.05,0.4021,0.4161
2026-06-22T15:45:00Z,8:45,207.0015454545455,516.9144714464902,499.31,0.4005,0.4146
2026-06-22T15:46:00Z,8:46,206.8746666666667,520.5033655882759,502.58,0.3975,0.4116
2026-06-22T15:47:00Z,8:47,206.88125,524.2409120529602,505.83,0.3946,0.409
2026-06-22T15:48:00Z,8:48,207.49350000000004,527.9869389296877,509.08,0.393,0.4076
2026-06-22T15:49:00Z,8:49,208.82572727272725,531.5572245528502,512.33,0.3929,0.4076
2026-06-22T15:50:00Z,8:50,210.6074166666667,535.1196359835936,515.56,0.3936,0.4085
2026-06-22T15:51:00Z,8:51,211.56199999999993,538.8452137829776,518.79,0.3926,0.4078
2026-06-22T15:52:00Z,8:52,211.56199999999993,542.5484454228546,522.02,0.3899,0.4053
2026-06-22T15:53:00Z,8:53,211.56199999999993,546.0873328863919,525.23,0.3874,0.4028
2026-06-22T15:54:00Z,8:54,211.56199999999993,549.6421011416463,528.44,0.3849,0.4004
2026-06-22T15:55:00Z,8:55,211.56199999999993,553.3236313013427,531.64,0.3823,0.3979
2026-06-22T15:56:00Z,8:56,211.13109090909094,556.8464345361717,534.84,0.3792,0.3948
2026-06-22T15:57:00Z,8:57,208.81674999999998,560.3796978240432,538.02,0.3726,0.3881
2026-06-22T15:58:00Z,8:58,206.3085,564.0385977739278,541.2,0.3658,0.3812
2026-06-22T15:59:00Z,8:59,204.74166666666667,567.6895489652593,544.37,0.3607,0.3761
2026-06-22T16:00:00Z,9:00,204.19345454545456,571.1839729295355,547.54,0.3575,0.3729
2026-06-22T16:01:00Z,9:01,204.57708333333338,574.6756748205263,550.7,0.356,0.3715
2026-06-22T16:02:00Z,9:02,205.49875000000006,578.2978007835842,553.85,0.3554,0.371
2026-06-22T16:03:00Z,9:03,207.217,581.9312720369271,556.99,0.3561,0.372
2026-06-22T16:04:00Z,9:04,210.68581818181818,585.4063922594974,560.12,0.3599,0.3761
2026-06-22T16:05:00Z,9:05,215.88066666666668,588.8493653065362,563.25,0.3666,0.3833
2026-06-22T16:06:00Z,9:06,222.31916666666666,592.4625030906387,566.36,0.3752,0.3925
2026-06-22T16:07:00Z,9:07,229.04075000000003,596.0570349771596,569.47,0.3843,0.4022
2026-06-22T16:08:00Z,9:08,235.73600000000008,599.4858200846348,572.58,0.3932,0.4117
2026-06-22T16:09:00Z,9:09,241.97041666666667,602.9137151079244,575.67,0.4013,0.4203
2026-06-22T16:10:00Z,9:10,246.28908333333337,606.477072385907,578.75,0.4061,0.4255
2026-06-22T16:11:00Z,9:11,247.13833333333332,610.0263240539617,581.83,0.4051,0.4248
2026-06-22T16:12:00Z,9:12,245.36681818181822,613.4373467046586,584.9,0.4,0.4195
2026-06-22T16:13:00Z,9:13,242.95791666666662,616.8234429592205,587.96,0.3939,0.4132
2026-06-22T16:14:00Z,9:14,240.95000000000002,620.3452806077053,591.01,0.3884,0.4077
2026-06-22T16:15:00Z,9:15,238.1490909090909,623.7348048990084,594.05,0.3818,0.4009
2026-06-22T16:16:00Z,9:16,235.04475000000002,627.0888590975896,597.09,0.3748,0.3937
2026-06-22T16:17:00Z,9:17,233.24750000000006,630.5776662670436,600.11,0.3699,0.3887
2026-06-22T16:18:00Z,9:18,233.29358333333334,634.0708502361014,603.13,0.3679,0.3868
2026-06-22T16:19:00Z,9:19,235.39127272727274,637.4043994081513,606.14,0.3693,0.3883
2026-06-22T16:20:00Z,9:20,240.06125000000006,640.721209664618,609.14,0.3747,0.3941
2026-06-22T16:21:00Z,9:21,245.26208333333338,644.1708999000012,612.12,0.3807,0.4007
2026-06-22T16:22:00Z,9:22,249.21208333333334,647.6244752951303,615.1,0.3848,0.4052
2026-06-22T16:23:00Z,9:23,252.26136363636368,650.9196568892887,618.08,0.3875,0.4081
2026-06-22T16:24:00Z,9:24,254.9395833333334,654.2026091815104,621.04,0.3897,0.4105
2026-06-22T16:25:00Z,9:25,255.2819166666667,657.6163917081805,623.99,0.3882,0.4091
2026-06-22T16:26:00Z,9:26,254.61700000000005,661.0287962771841,626.93,0.3852,0.4061
2026-06-22T16:27:00Z,9:27,255.27054545454547,664.2851660754848,629.87,0.3843,0.4053
2026-06-22T16:28:00Z,9:28,256.49983333333336,667.5272940477415,632.79,0.3843,0.4053
2026-06-22T16:29:00Z,9:29,256.7368333333334,670.9081433991392,635.7,0.3827,0.4039
2026-06-22T16:30:00Z,9:30,256.22333333333336,674.2780684547268,638.61,0.38,0.4012
2026-06-22T16:31:00Z,9:31,257.4466363636364,677.490042975263,641.5,0.38,0.4013
2026-06-22T16:32:00Z,9:32,261.4636666666667,680.7077849742147,644.39,0.3841,0.4058
2026-06-22T16:33:00Z,9:33,265.5255833333334,684.0360409334127,647.26,0.3882,0.4102
2026-06-22T16:34:00Z,9:34,269.0674166666667,687.3529373272776,650.13,0.3915,0.4139
2026-06-22T16:35:00Z,9:35,270.94127272727275,690.5288367776452,652.98,0.3924,0.4149
2026-06-22T16:36:00Z,9:36,272.8330833333334,693.6931095900914,655.83,0.3933,0.416
2026-06-22T16:37:00Z,9:37,277.23075,696.976592555142,658.66,0.3978,0.4209
2026-06-22T16:38:00Z,9:38,283.77518181818186,700.134241819655,661.49,0.4053,0.429
2026-06-22T16:39:00Z,9:39,291.1874166666667,703.2606208976832,664.3,0.4141,0.4383
2026-06-22T16:40:00Z,9:40,299.51533333333344,706.5187937004997,667.11,0.4239,0.449
2026-06-22T16:41:00Z,9:41,307.5140833333333,709.7649202539586,669.9,0.4333,0.459
2026-06-22T16:42:00Z,9:42,315.41109090909094,712.8570141556464,672.69,0.4425,0.4689
2026-06-22T16:43:00Z,9:43,323.68274999999994,715.9374912192925,675.46,0.4521,0.4792
2026-06-22T16:44:00Z,9:44,332.64266666666674,719.1440843710079,678.22,0.4626,0.4905
2026-06-22T16:45:00Z,9:45,343.50516666666664,722.3385236361595,680.97,0.4755,0.5044
2026-06-22T16:46:00Z,9:46,356.1391818181819,725.3806032760881,683.71,0.491,0.5209
2026-06-22T16:47:00Z,9:47,372.3599166666668,728.4152465457331,686.44,0.5112,0.5424
2026-06-22T16:48:00Z,9:48,390.86566666666664,731.586402974022,689.16,0.5343,0.5672
2026-06-22T16:49:00Z,9:49,411.4385833333334,734.7236574934013,691.87,0.56,0.5947
2026-06-22T16:50:00Z,9:50,422.334,737.7194115846033,694.57,0.5725,0.6081
2026-06-22T16:51:00Z,9:51,420.01666666666665,740.7022867652094,697.26,0.5671,0.6024
2026-06-22T16:52:00Z,9:52,437.96283333333344,743.8238143950342,699.93,0.5888,0.6257
2026-06-22T16:53:00Z,9:53,477.6866666666667,746.9113751827322,702.6,0.6395,0.6799
2026-06-22T16:54:00Z,9:54,520.1719090909093,749.8638782477184,705.25,0.6937,0.7376
2026-06-22T16:55:00Z,9:55,515.7251666666667,752.8231353364537,707.89,0.6851,0.7285
2026-06-22T16:56:00Z,9:56,676.7930000000001,755.8812860073766,710.52,0.8954,0.9525
2026-06-22T16:57:00Z,9:57,615.2879090909092,758.8024131061651,713.14,0.8109,0.8628
2026-06-22T16:58:00Z,9:58,603.0860000000001,761.7072439914991,715.75,0.7918,0.8426
2026-06-22T16:59:00Z,9:59,482.39375,764.7267288385451,718.35,0.6308,0.6715
2026-06-22T17:00:00Z,10:00,470.8860833333334,767.7370821709243,720.93,0.6133,0.6532
2026-06-22T17:01:00Z,10:01,556.7058181818182,770.6096312195936,723.5,0.7224,0.7695
2026-06-22T17:02:00Z,10:02,724.9566666666668,773.4667609556909,726.07,0.9373,0.9985
2026-06-22T17:03:00Z,10:03,761.54025,776.4496017059911,728.62,0.9808,1.0452
2026-06-22T17:04:00Z,10:04,626.9440000000001,779.3987628577576,731.16,0.8044,0.8575
2026-06-22T17:05:00Z,10:05,589.0383636363637,782.2356711998308,733.68,0.753,0.8029
2026-06-22T17:06:00Z,10:06,737.8534166666667,785.0377163595532,736.2,0.9399,1.0022
2026-06-22T17:07:00Z,10:07,642.2831666666667,787.9623318683504,738.7,0.8151,0.8695
2026-06-22T17:08:00Z,10:08,638.2050909090909,790.7452954445827,741.19,0.8071,0.8611
2026-06-22T17:09:00Z,10:09,496.27141666666665,793.5075503129978,743.67,0.6254,0.6673
2026-06-22T17:10:00Z,10:10,574.8830000000002,796.3874179453242,746.14,0.7219,0.7705
2026-06-22T17:11:00Z,10:11,681.8358333333333,799.2413203470746,748.59,0.8531,0.9108
2026-06-22T17:12:00Z,10:12,639.9359090909091,801.9642869655577,751.04,0.798,0.8521
2026-06-22T17:13:00Z,10:13,607.7009166666668,804.6728228149378,753.47,0.7552,0.8065
2026-06-22T17:14:00Z,10:14,574.7381666666666,807.4968074312533,755.88,0.7118,0.7604
2026-06-22T17:15:00Z,10:15,692.0465833333334,810.2986903664496,758.29,0.8541,0.9126
2026-06-22T17:16:00Z,10:16,777.2163636363638,812.9646872507946,760.68,0.956,1.0217
2026-06-22T17:17:00Z,10:17,714.6932499999999,815.6298324019202,763.07,0.8762,0.9366
2026-06-22T17:18:00Z,10:18,550.6563333333335,818.3893512426589,765.43,0.6729,0.7194
2026-06-22T17:19:00Z,10:19,638.9591818181818,821.0224843556181,767.79,0.7782,0.8322
2026-06-22T17:20:00Z,10:20,774.6410833333333,823.6461337677911,770.13,0.9405,1.0059
2026-06-22T17:21:00Z,10:21,729.4794166666667,826.3554799538733,772.47,0.8828,0.9444
2026-06-22T17:22:00Z,10:22,549.2804166666666,829.0645604468583,774.78,0.6625,0.7089
2026-06-22T17:23:00Z,10:23,521.4,831.6397112504484,777.09,0.627,0.671
2026-06-22T17:24:00Z,10:24,638.0895833333334,834.1988934645793,779.38,0.7649,0.8187
2026-06-22T17:25:00Z,10:25,663.54075,836.8570245581154,781.66,0.7929,0.8489
2026-06-22T17:26:00Z,10:26,744.75275,839.5073521929036,783.93,0.8871,0.95
2026-06-22T17:27:00Z,10:27,750.701090909091,842.0271591838004,786.18,0.8915,0.9549
2026-06-22T17:28:00Z,10:28,756.3065000000001,844.5248987233344,788.43,0.8955,0.9593
2026-06-22T17:29:00Z,10:29,750.79625,847.1306542503659,790.65,0.8863,0.9496
2026-06-22T17:30:00Z,10:30,734.8382500000001,849.7139892315616,792.87,0.8648,0.9268
2026-06-22T17:31:00Z,10:31,739.088090909091,852.1774810369618,795.07,0.8673,0.9296
2026-06-22T17:32:00Z,10:32,750.658,854.6304918333789,797.26,0.8783,0.9415
2026-06-22T17:33:00Z,10:33,759.3085000000001,857.1653906152466,799.44,0.8858,0.9498
2026-06-22T17:34:00Z,10:34,769.6898181818182,859.5891589662871,801.6,0.8954,0.9602
2026-06-22T17:35:00Z,10:35,752.6988333333334,861.9948346893933,803.75,0.8732,0.9365
2026-06-22T17:36:00Z,10:36,753.3110833333334,864.4809302912685,805.89,0.8714,0.9348
2026-06-22T17:37:00Z,10:37,757.6429166666667,866.9511949181675,808.01,0.8739,0.9377
2026-06-22T17:38:00Z,10:38,760.691,869.3125584741734,810.12,0.875,0.939
2026-06-22T17:39:00Z,10:39,766.4382500000002,871.6658894709685,812.21,0.8793,0.9436
2026-06-22T17:40:00Z,10:40,773.0413333333332,874.0999137166212,814.3,0.8844,0.9493
2026-06-22T17:41:00Z,10:41,766.4185000000001,876.5213331987266,816.37,0.8744,0.9388
2026-06-22T17:42:00Z,10:42,750.6867272727275,878.8183911920837,818.42,0.8542,0.9172
2026-06-22T17:43:00Z,10:43,736.10225,881.1092267880695,820.46,0.8354,0.8972
2026-06-22T17:44:00Z,10:44,759.8088333333334,883.4771962422509,822.49,0.86,0.9238
2026-06-22T17:45:00Z,10:45,768.0380000000001,885.8258203249328,824.5,0.867,0.9315
2026-06-22T17:46:00Z,10:46,774.7027272727272,888.0665589450957,826.51,0.8723,0.9373
2026-06-22T17:47:00Z,10:47,779.9143333333335,890.2953379054587,828.49,0.876,0.9414
2026-06-22T17:48:00Z,10:48,785.6418333333335,892.5965603464,830.46,0.8802,0.946
2026-06-22T17:49:00Z,10:49,782.4231818181819,894.7983704219249,832.42,0.8744,0.9399
2026-06-22T17:50:00Z,10:50,783.0150833333333,896.9775102778221,834.37,0.8729,0.9385
2026-06-22T17:51:00Z,10:51,787.5839166666666,899.2339382769751,836.3,0.8758,0.9417
2026-06-22T17:52:00Z,10:52,791.1981666666667,901.4797520559526,838.22,0.8777,0.9439
2026-06-22T17:53:00Z,10:53,796.7078181818182,903.6083044066377,840.12,0.8817,0.9483
2026-06-22T17:54:00Z,10:54,795.7209166666668,905.7272875920721,842.01,0.8785,0.945
2026-06-22T17:55:00Z,10:55,796.8400833333334,907.9244462841569,843.89,0.8777,0.9443
2026-06-22T17:56:00Z,10:56,798.7229166666667,910.0929770008876,845.75,0.8776,0.9444
2026-06-22T17:57:00Z,10:57,800.9307272727274,912.1725201693266,847.59,0.878,0.9449
2026-06-22T17:58:00Z,10:58,802.9362500000001,914.2236470700918,849.43,0.8783,0.9453
2026-06-22T17:59:00Z,10:59,802.8243333333335,916.343237531935,851.24,0.8761,0.9431
2026-06-22T18:00:00Z,11:00,808.6296363636363,918.362829258951,853.05,0.8805,0.9479
2026-06-22T18:01:00Z,11:01,812.9824166666668,920.37342756079,854.84,0.8833,0.951
2026-06-22T18:02:00Z,11:02,815.7474166666667,922.4465894647706,856.61,0.8843,0.9523
2026-06-22T18:03:00Z,11:03,807.8540000000003,924.5054261964524,858.37,0.8738,0.9411
2026-06-22T18:04:00Z,11:04,809.635090909091,926.4679115848718,860.12,0.8739,0.9413
2026-06-22T18:05:00Z,11:05,816.91925,928.4074466915212,861.85,0.8799,0.9479
2026-06-22T18:06:00Z,11:06,818.0515833333334,930.4109251535946,863.57,0.8792,0.9473
2026-06-22T18:07:00Z,11:07,824.3584166666669,932.3971687829845,865.27,0.8841,0.9527
2026-06-22T18:08:00Z,11:08,824.3793636363636,934.2949123277366,866.96,0.8824,0.9509
2026-06-22T18:09:00Z,11:09,827.3143333333333,936.1697033289287,868.63,0.8837,0.9524
2026-06-22T18:10:00Z,11:10,829.5526666666668,938.1083918547171,870.29,0.8843,0.9532
2026-06-22T18:11:00Z,11:11,834.1346666666667,940.0321229361945,871.94,0.8873,0.9566
2026-06-22T18:12:00Z,11:12,836.5094545454547,941.8566550147324,873.57,0.8881,0.9576
2026-06-22T18:13:00Z,11:13,837.9266666666667,943.6661311216684,875.18,0.8879,0.9574
2026-06-22T18:14:00Z,11:14,836.8470000000002,945.5338633668865,876.78,0.8851,0.9545
2026-06-22T18:15:00Z,11:15,837.4658333333333,947.3867186227156,878.36,0.884,0.9534
2026-06-22T18:16:00Z,11:16,840.0572727272727,949.1559834463204,879.93,0.8851,0.9547
2026-06-22T18:17:00Z,11:17,843.9965000000002,950.8965645775029,881.49,0.8876,0.9575
2026-06-22T18:18:00Z,11:18,845.7937500000002,952.7002797787619,883.03,0.8878,0.9578
2026-06-22T18:19:00Z,11:19,847.0972500000001,954.4862149456172,884.56,0.8875,0.9577
2026-06-22T18:20:00Z,11:20,850.0256363636364,956.1766783514805,886.07,0.889,0.9593
2026-06-22T18:21:00Z,11:21,852.0808333333335,957.8511095980977,887.56,0.8896,0.96
2026-06-22T18:22:00Z,11:22,852.5548333333335,959.582868078065,889.04,0.8885,0.959
2026-06-22T18:23:00Z,11:23,850.7180833333335,961.301392507691,890.51,0.885,0.9553
2026-06-22T18:24:00Z,11:24,852.2160909090911,962.9296386909901,891.96,0.885,0.9554
2026-06-22T18:25:00Z,11:25,858.7563333333334,964.5368175633813,893.39,0.8903,0.9612
2026-06-22T18:26:00Z,11:26,861.8044166666668,966.2052465315868,894.81,0.8919,0.9631
2026-06-22T18:27:00Z,11:27,863.0749999999999,967.848879464848,896.22,0.8917,0.963
2026-06-22T18:28:00Z,11:28,862.7015454545455,969.4074944974917,897.61,0.8899,0.9611
2026-06-22T18:29:00Z,11:29,863.52925,970.9469056750982,898.98,0.8894,0.9606
2026-06-22T18:30:00Z,11:30,863.8979166666667,972.5485223404336,900.34,0.8883,0.9595
2026-06-22T18:31:00Z,11:31,866.9394166666667,974.1189895096767,901.68,0.89,0.9615
2026-06-22T18:32:00Z,11:32,869.8761818181819,975.6076057697514,903.01,0.8916,0.9633
2026-06-22T18:33:00Z,11:33,871.1461666666665,977.0828980179913,904.33,0.8916,0.9633
2026-06-22T18:34:00Z,11:34,871.1593333333334,978.6044966369997,905.62,0.8902,0.9619
2026-06-22T18:35:00Z,11:35,873.3779166666667,980.103929900797,906.91,0.8911,0.963
2026-06-22T18:36:00Z,11:36,875.0470909090909,981.5261179054488,908.17,0.8915,0.9635
2026-06-22T18:37:00Z,11:37,875.9519999999999,982.942567780478,909.42,0.8912,0.9632
2026-06-22T18:38:00Z,11:38,879.5859999999999,984.3882589534041,910.66,0.8935,0.9659
2026-06-22T18:39:00Z,11:39,881.2318333333334,985.817549835455,911.88,0.8939,0.9664
2026-06-22T18:40:00Z,11:40,881.9057272727274,987.1733918564609,913.08,0.8934,0.9659
2026-06-22T18:41:00Z,11:41,882.1930000000001,988.509699786789,914.27,0.8924,0.9649
2026-06-22T18:42:00Z,11:42,884.8329166666667,989.8869446649845,915.45,0.8939,0.9666
2026-06-22T18:43:00Z,11:43,884.3116363636364,991.1927277031114,916.6,0.8922,0.9648
2026-06-22T18:44:00Z,11:44,888.4208333333332,992.4789682615432,917.75,0.8952,0.968
2026-06-22T18:45:00Z,11:45,890.3497500000002,993.8019262169677,918.87,0.8959,0.969
2026-06-22T18:46:00Z,11:46,892.91725,995.1097509377987,919.98,0.8973,0.9706
2026-06-22T18:47:00Z,11:47,893.2458181818183,996.3407037389453,921.08,0.8965,0.9698
2026-06-22T18:48:00Z,11:48,893.2990833333333,997.5544593620348,922.16,0.8955,0.9687
2026-06-22T18:49:00Z,11:49,895.1358333333334,998.8058546986891,923.22,0.8962,0.9696
2026-06-22T18:50:00Z,11:50,897.4005000000002,1000.0367847092076,924.27,0.8974,0.9709
2026-06-22T18:51:00Z,11:51,897.9283636363638,1001.1959956902597,925.3,0.8969,0.9704
2026-06-22T18:52:00Z,11:52,897.8152500000001,1002.3408346641781,926.32,0.8957,0.9692
2026-06-22T18:53:00Z,11:53,898.9870833333333,1003.520101666288,927.32,0.8958,0.9694
2026-06-22T18:54:00Z,11:54,903.0358333333335,1004.6741465088368,928.3,0.8988,0.9728
2026-06-22T18:55:00Z,11:55,902.7401818181818,1005.7646252763105,929.27,0.8976,0.9714
2026-06-22T18:56:00Z,11:56,903.02925,1006.8413382880698,930.23,0.8969,0.9708
2026-06-22T18:57:00Z,11:57,904.0233333333334,1007.94334830279,931.16,0.8969,0.9709
2026-06-22T18:58:00Z,11:58,905.9325,1009.0249450371965,932.08,0.8978,0.9719
2026-06-22T18:59:00Z,11:59,907.0205454545455,1010.0462648110955,932.99,0.898,0.9722
2026-06-22T19:00:00Z,12:00,907.3479166666667,1011.0481941302177,933.88,0.8974,0.9716
2026-06-22T19:01:00Z,12:01,909.0727500000002,1012.0744136782732,934.75,0.8982,0.9725
2026-06-22T19:02:00Z,12:02,908.4066363636364,1013.0407904797607,935.61,0.8967,0.9709
2026-06-22T19:03:00Z,12:03,910.9160833333335,1013.995209656833,936.45,0.8983,0.9727
2026-06-22T19:04:00Z,12:04,912.2459166666667,1014.9645025620008,937.28,0.8988,0.9733
2026-06-22T19:05:00Z,12:05,913.6613333333335,1015.9186176705953,938.08,0.8993,0.974
2026-06-22T19:06:00Z,12:06,913.2759090909093,1016.8151873445386,938.88,0.8982,0.9727
2026-06-22T19:07:00Z,12:07,915.2676666666667,1017.6904943603399,939.65,0.8994,0.974
2026-06-22T19:08:00Z,12:08,915.6429166666667,1018.585034502879,940.42,0.8989,0.9737
2026-06-22T19:09:00Z,12:09,916.4855833333335,1019.4651835485115,941.16,0.899,0.9738
2026-06-22T19:10:00Z,12:10,918.7556363636365,1020.2873277222258,941.89,0.9005,0.9754
2026-06-22T19:11:00Z,12:11,918.5856666666667,1021.0907686613178,942.6,0.8996,0.9745
2026-06-22T19:12:00Z,12:12,920.6396666666666,1021.9124708414141,943.3,0.9009,0.976
2026-06-22T19:13:00Z,12:13,921.0346666666666,1022.7170638352709,943.98,0.9006,0.9757
2026-06-22T19:14:00Z,12:14,922.8708181818182,1023.4671660789913,944.64,0.9017,0.977
2026-06-22T19:15:00Z,12:15,922.3381666666668,1024.2000958030778,945.29,0.9005,0.9757
2026-06-22T19:16:00Z,12:16,924.31975,1024.9491878400847,945.92,0.9018,0.9772
2026-06-22T19:17:00Z,12:17,925.5640000000002,1025.672935046973,946.54,0.9024,0.9778
2026-06-22T19:18:00Z,12:18,926.8208181818184,1026.3497437458939,947.13,0.903,0.9786
2026-06-22T19:19:00Z,12:19,927.1242500000002,1027.0102046076158,947.72,0.9027,0.9783
2026-06-22T19:20:00Z,12:20,927.9010833333335,1027.6814031234462,948.28,0.9029,0.9785
2026-06-22T19:21:00Z,12:21,929.2967500000001,1028.3305252107718,948.83,0.9037,0.9794
2026-06-22T19:22:00Z,12:22,929.3775454545456,1028.935731368489,949.37,0.9032,0.9789
2026-06-22T19:23:00Z,12:23,930.2776666666668,1029.5239103798724,949.89,0.9036,0.9794
2026-06-22T19:24:00Z,12:24,932.1341666666668,1030.1165625229792,950.39,0.9049,0.9808
2026-06-22T19:25:00Z,12:25,933.3915833333334,1030.6906354352855,950.87,0.9056,0.9816
2026-06-22T19:26:00Z,12:26,933.657909090909,1031.2213595360859,951.34,0.9054,0.9814
2026-06-22T19:27:00Z,12:27,933.6746666666668,1031.7347351038359,951.79,0.905,0.981
2026-06-22T19:28:00Z,12:28,934.6424166666667,1032.2529304093798,952.23,0.9054,0.9815
2026-06-22T19:29:00Z,12:29,934.8465000000001,1032.7514802770957,952.65,0.9052,0.9813
2026-06-22T19:30:00Z,12:30,935.7478181818183,1033.2106391740547,953.05,0.9057,0.9818
2026-06-22T19:31:00Z,12:31,937.5390833333336,1033.6510732324482,953.44,0.907,0.9833
2026-06-22T19:32:00Z,12:32,939.0861666666668,1034.0935064371797,953.81,0.9081,0.9846
2026-06-22T19:33:00Z,12:33,939.4021666666667,1034.5157781529745,954.16,0.9081,0.9845
2026-06-22T19:34:00Z,12:34,939.4464545454547,1034.9012088982163,954.5,0.9078,0.9842
2026-06-22T19:35:00Z,12:35,939.9485833333334,1035.2683971934223,954.82,0.9079,0.9844
2026-06-22T19:36:00Z,12:36,940.6398333333333,1035.6327831895007,955.13,0.9083,0.9848
2026-06-22T19:37:00Z,12:37,941.3310833333335,1035.9790487855216,955.42,0.9086,0.9853
2026-06-22T19:38:00Z,12:38,942.1396363636363,1036.2913404853082,955.69,0.9091,0.9858
2026-06-22T19:39:00Z,12:39,942.8584166666668,1036.5854394267212,955.94,0.9096,0.9863
2026-06-22T19:40:00Z,12:40,943.1678333333334,1036.8729849012873,956.18,0.9096,0.9864
2026-06-22T19:41:00Z,12:41,943.5957500000001,1037.1422474080653,956.4,0.9098,0.9866
2026-06-22T19:42:00Z,12:42,943.6693636363635,1037.3823209415725,956.61,0.9097,0.9865
2026-06-22T19:43:00Z,12:43,944.46475,1037.603504849222,956.8,0.9102,0.9871
2026-06-22T19:44:00Z,12:44,944.6754166666668,1037.8154292263291,956.97,0.9103,0.9871
2026-06-22T19:45:00Z,12:45,945.9855000000001,1038.0078396915167,957.13,0.9113,0.9884
2026-06-22T19:46:00Z,12:46,945.9388181818183,1038.174004330095,957.27,0.9112,0.9882
2026-06-22T19:47:00Z,12:47,946.5450833333334,1038.3213519322073,957.4,0.9116,0.9887
2026-06-22T19:48:00Z,12:48,947.3021666666667,1038.4563350082599,957.5,0.9122,0.9893
2026-06-22T19:49:00Z,12:49,947.6642500000002,1038.5720946476429,957.59,0.9125,0.9896
2026-06-22T19:50:00Z,12:50,947.4829090909093,1038.6646003106182,957.67,0.9122,0.9894
2026-06-22T19:51:00Z,12:51,948.0790000000002,1038.7383818843841,957.73,0.9127,0.9899
2026-06-22T19:52:00Z,12:52,948.9019166666667,1038.7966922230055,957.77,0.9135,0.9907
2026-06-22T19:53:00Z,12:53,948.8690000000001,1038.8354884715209,957.79,0.9134,0.9907
2026-06-22T19:54:00Z,12:54,949.5225454545454,1038.854128499475,957.8,0.914,0.9914
2026-06-22T19:55:00Z,12:55,949.5668333333336,1038.8546269991405,957.8,0.9141,0.9914
2026-06-22T19:56:00Z,12:56,949.0072500000001,1038.8362170357468,957.77,0.9135,0.9908
2026-06-22T19:57:00Z,12:57,949.6655833333335,1038.7979963776704,957.73,0.9142,0.9916
2026-06-22T19:58:00Z,12:58,949.4938181818183,1038.7431206633905,957.67,0.9141,0.9915
2026-06-22T19:59:00Z,12:59,949.8433333333334,1038.670143031115,957.6,0.9145,0.9919
2026-06-22T20:00:00Z,13:00,949.8499166666667,1038.5747070780164,957.51,0.9146,0.992
2026-06-22T20:01:00Z,13:01,949.9091666666668,1038.4594435081742,957.4,0.9147,0.9922
2026-06-22T20:02:00Z,13:02,949.5584545454548,1038.3310908980932,957.28,0.9145,0.9919
2026-06-22T20:03:00Z,13:03,949.2376666666668,1038.184231621806,957.14,0.9143,0.9917
2026-06-22T20:04:00Z,13:04,949.7511666666668,1038.0116222596603,956.99,0.915,0.9924
2026-06-22T20:05:00Z,13:05,949.5010000000002,1037.8200221371064,956.81,0.9149,0.9924
2026-06-22T20:06:00Z,13:06,949.2927272727273,1037.6178781017059,956.63,0.9149,0.9923
2026-06-22T20:07:00Z,13:07,948.5200833333334,1037.3968287462214,956.42,0.9143,0.9917
2026-06-22T20:08:00Z,13:08,949.3759166666669,1037.148080579261,956.2,0.9154,0.9929
2026-06-22T20:09:00Z,13:09,948.8402727272728,1036.8907201454858,955.96,0.9151,0.9926
2026-06-22T20:10:00Z,13:10,948.69125,1036.6143510711947,955.71,0.9152,0.9927
2026-06-22T20:11:00Z,13:11,948.5003333333333,1036.308794408131,955.43,0.9153,0.9927
2026-06-22T20:12:00Z,13:12,947.4930833333334,1035.9832783076495,955.15,0.9146,0.992
2026-06-22T20:13:00Z,13:13,946.707272727273,1035.6519079207646,954.84,0.9141,0.9915
2026-06-22T20:14:00Z,13:14,947.3350833333333,1035.3026645848681,954.52,0.915,0.9925
2026-06-22T20:15:00Z,13:15,947.1573333333332,1034.9207538849178,954.19,0.9152,0.9926
2026-06-22T20:16:00Z,13:16,946.3673333333335,1034.5170593631672,953.83,0.9148,0.9922
2026-06-22T20:17:00Z,13:17,946.0178181818185,1034.1135341507868,953.47,0.9148,0.9922
2026-06-22T20:18:00Z,13:18,945.4785833333334,1033.6917850090192,953.08,0.9147,0.992
2026-06-22T20:19:00Z,13:19,944.5964166666666,1033.2314759172432,952.68,0.9142,0.9915
2026-06-22T20:20:00Z,13:20,943.71425,1032.7518093389992,952.26,0.9138,0.991
2026-06-22T20:21:00Z,13:21,943.2528181818183,1032.2755729017197,951.82,0.9138,0.991
2026-06-22T20:22:00Z,13:22,943.1678333333333,1031.779363887853,951.37,0.9141,0.9914
2026-06-22T20:23:00Z,13:23,942.3054166666669,1031.2418519185348,950.91,0.9138,0.991
2026-06-22T20:24:00Z,13:24,942.13425,1030.6871240197245,950.42,0.9141,0.9913
2026-06-22T20:25:00Z,13:25,941.2203636363636,1030.135233787208,949.92,0.9137,0.9908
2026-06-22T20:26:00Z,13:26,940.6859166666668,1029.5660796986965,949.41,0.9137,0.9908
2026-06-22T20:27:00Z,13:27,939.8959166666667,1028.9555019822724,948.87,0.9134,0.9905
2026-06-22T20:28:00Z,13:28,939.4536363636365,1028.3510757669337,948.32,0.9136,0.9906
2026-06-22T20:29:00Z,13:29,938.3751666666667,1027.7265569580907,947.76,0.9131,0.9901
2026-06-22T20:30:00Z,13:30,937.6773333333334,1027.0584910099258,947.18,0.913,0.99
2026-06-22T20:31:00Z,13:31,936.4791666666669,1026.370275017805,946.58,0.9124,0.9893
2026-06-22T20:32:00Z,13:32,936.0853636363637,1025.6906969243175,945.96,0.9126,0.9896
2026-06-22T20:33:00Z,13:33,935.41925,1024.9956261294008,945.33,0.9126,0.9895
2026-06-22T20:34:00Z,13:34,934.6292500000003,1024.2508316618466,944.69,0.9125,0.9894
2026-06-22T20:35:00Z,13:35,933.4179166666667,1023.4867672906693,944.03,0.912,0.9888
2026-06-22T20:36:00Z,13:36,932.8535454545455,1022.7375290206624,943.35,0.9121,0.9889
2026-06-22T20:37:00Z,13:37,932.0288333333334,1021.9701465546801,942.65,0.912,0.9887
2026-06-22T20:38:00Z,13:38,930.9491666666669,1021.1486805880132,941.94,0.9117,0.9883
2026-06-22T20:39:00Z,13:39,930.3435000000001,1020.3079425395055,941.21,0.9118,0.9885
2026-06-22T20:40:00Z,13:40,930.1603636363637,1019.4861992196744,940.47,0.9124,0.989
2026-06-22T20:41:00Z,13:41,929.2506666666668,1018.6456835227309,939.71,0.9122,0.9889
2026-06-22T20:42:00Z,13:42,928.7305833333331,1017.7476056654932,938.93,0.9125,0.9891
2026-06-22T20:43:00Z,13:43,927.4797500000001,1016.833895644504,938.14,0.9121,0.9886
2026-06-22T20:44:00Z,13:44,926.8567272727272,1015.9399403161639,937.33,0.9123,0.9888
2026-06-22T20:45:00Z,13:45,926.3935000000001,1015.0250847220146,936.51,0.9127,0.9892
2026-06-22T20:46:00Z,13:46,925.4915833333333,1014.0570599924981,935.67,0.9127,0.9891
2026-06-22T20:47:00Z,13:47,925.291090909091,1013.1098183540412,934.81,0.9133,0.9898
2026-06-22T20:48:00Z,13:48,925.2085000000001,1012.1399690176842,933.94,0.9141,0.9906
2026-06-22T20:49:00Z,13:49,925.2940833333332,1011.1163863571036,933.05,0.9151,0.9917
2026-06-22T20:50:00Z,13:50,924.4645833333335,1010.0738081337894,932.15,0.9152,0.9918
2026-06-22T20:51:00Z,13:51,924.1880833333335,1009.012426225296,931.23,0.9159,0.9924
2026-06-22T20:52:00Z,13:52,923.3017272727274,1007.9703763960792,930.29,0.916,0.9925
2026-06-22T20:53:00Z,13:53,922.2065000000001,1006.91742636489,929.34,0.9159,0.9923
2026-06-22T20:54:00Z,13:54,921.7193333333333,1005.7993303783677,928.37,0.9164,0.9928
2026-06-22T20:55:00Z,13:55,921.2405454545456,1004.7110130835172,927.39,0.9169,0.9934
2026-06-22T20:56:00Z,13:56,921.1202500000003,1003.599970730077,926.39,0.9178,0.9943
2026-06-22T20:57:00Z,13:57,920.8964166666668,1002.4300025021784,925.38,0.9187,0.9952
2026-06-22T20:58:00Z,13:58,920.0800833333336,1001.2381145172116,924.34,0.9189,0.9954
2026-06-22T20:59:00Z,13:59,919.0716363636366,1000.0704817144309,923.3,0.919,0.9954
2026-06-22T21:00:00Z,14:00,918.5000833333335,998.8923668258913,922.24,0.9195,0.9959
2026-06-22T21:01:00Z,14:01,918.138,997.6474013121934,921.16,0.9203,0.9967
2026-06-22T21:02:00Z,14:02,917.6245,996.3803532059223,920.06,0.921,0.9974
2026-06-22T21:03:00Z,14:03,917.4054545454545,995.1449924114797,918.95,0.9219,0.9983
2026-06-22T21:04:00Z,14:04,917.0780833333333,993.8988698208547,917.83,0.9227,0.9992
2026-06-22T21:05:00Z,14:05,916.4592500000002,992.5737000225567,916.69,0.9233,0.9998
2026-06-22T21:06:00Z,14:06,915.2940000000002,991.2351973503588,915.53,0.9234,0.9997
2026-06-22T21:07:00Z,14:07,914.8128181818181,989.9330867088432,914.36,0.9241,1.0005
2026-06-22T21:08:00Z,14:08,914.1550833333336,988.6176326509996,913.17,0.9247,1.0011
2026-06-22T21:09:00Z,14:09,913.1017499999999,987.2212972716165,911.97,0.9249,1.0012
2026-06-22T21:10:00Z,14:10,912.1471666666667,985.8103730387212,910.75,0.9253,1.0015
2026-06-22T21:11:00Z,14:11,911.0926363636365,984.4406981906831,909.51,0.9255,1.0017
2026-06-22T21:12:00Z,14:12,910.1787500000002,983.0540469178699,908.26,0.9259,1.0021
2026-06-22T21:13:00Z,14:13,908.8950000000001,981.5813749882624,907.0,0.9259,1.0021
2026-06-22T21:14:00Z,14:14,908.2235000000001,980.098340484485,905.71,0.9267,1.0028
2026-06-22T21:15:00Z,14:15,907.3006363636366,978.6591304232934,904.42,0.9271,1.0032
2026-06-22T21:16:00Z,14:16,906.5184166666668,977.2041350978861,903.11,0.9277,1.0038
2026-06-22T21:17:00Z,14:17,905.4124166666667,975.6635754078984,901.78,0.928,1.004
2026-06-22T21:18:00Z,14:18,904.5500000000002,974.1089887144182,900.44,0.9286,1.0046
2026-06-22T21:19:00Z,14:19,903.0992727272728,972.598726769862,899.08,0.9285,1.0045
2026-06-22T21:20:00Z,14:20,902.4235833333333,971.0714756359512,897.71,0.9293,1.0053
2026-06-22T21:21:00Z,14:21,901.2320000000001,969.4639244641016,896.32,0.9296,1.0055
2026-06-22T21:22:00Z,14:22,900.0326363636366,967.9055456930032,894.91,0.9299,1.0057
2026-06-22T21:23:00Z,14:23,899.2504166666668,966.324956618458,893.49,0.9306,1.0064
2026-06-22T21:24:00Z,14:24,897.2490833333336,964.6669655867167,892.06,0.9301,1.0058
2026-06-22T21:25:00Z,14:25,895.9785,962.9888309078664,890.61,0.9304,1.006
2026-06-22T21:26:00Z,14:26,894.7683636363637,961.3525267520785,889.15,0.9307,1.0063
2026-06-22T21:27:00Z,14:27,893.5624166666666,959.7099629783875,887.67,0.9311,1.0066
2026-06-22T21:28:00Z,14:28,892.3313333333335,957.9770942883379,886.17,0.9315,1.0069
2026-06-22T21:29:00Z,14:29,890.5275000000001,956.2216428666889,884.66,0.9313,1.0066
2026-06-22T21:30:00Z,14:30,889.037272727273,954.5291577800434,883.14,0.9314,1.0067
2026-06-22T21:31:00Z,14:31,887.7493333333333,952.8228278942156,881.6,0.9317,1.007
2026-06-22T21:32:00Z,14:32,885.2345,951.0128772800496,880.05,0.9308,1.0059
2026-06-22T21:33:00Z,14:33,884.2140833333332,949.197530918481,878.48,0.9315,1.0065
2026-06-22T21:34:00Z,14:34,882.3079090909091,947.4384131885323,876.89,0.9313,1.0062
2026-06-22T21:35:00Z,14:35,881.2120833333335,945.6636166003887,875.29,0.9318,1.0068
2026-06-22T21:36:00Z,14:36,879.5267500000001,943.7894708128947,873.68,0.9319,1.0067
2026-06-22T21:37:00Z,14:37,878.1705833333334,941.9002808399592,872.05,0.9323,1.007
2026-06-22T21:38:00Z,14:38,876.3182727272728,940.0748470575808,870.41,0.9322,1.0068
2026-06-22T21:39:00Z,14:39,874.3917500000001,938.2296276448436,868.75,0.932,1.0065
2026-06-22T21:40:00Z,14:40,872.9236666666669,936.2895408460762,867.08,0.9323,1.0067
2026-06-22T21:41:00Z,14:41,871.3568333333334,934.3347542282596,865.39,0.9326,1.0069
2026-06-22T21:42:00Z,14:42,869.6320000000001,932.4318939985642,863.69,0.9326,1.0069
2026-06-22T21:43:00Z,14:43,867.3475833333333,930.5282793616415,861.97,0.9321,1.0062
2026-06-22T21:44:00Z,14:44,865.0170833333335,928.5231220810612,860.24,0.9316,1.0056
2026-06-22T21:45:00Z,14:45,863.3580833333334,926.5035949362169,858.5,0.9318,1.0057
2026-06-22T21:46:00Z,14:46,861.9977272727273,924.5443370925124,856.74,0.9323,1.0061
2026-06-22T21:47:00Z,14:47,860.6391666666668,922.5762712466761,854.96,0.9329,1.0066
2026-06-22T21:48:00Z,14:48,858.5127500000002,920.5070489796567,853.17,0.9327,1.0063
2026-06-22T21:49:00Z,14:49,856.3600000000001,918.5011542598767,851.37,0.9323,1.0059
2026-06-22T21:50:00Z,14:50,854.2204166666667,916.4789452311156,849.55,0.9321,1.0055
2026-06-22T21:51:00Z,14:51,851.9228333333335,914.3603415271259,847.72,0.9317,1.005
2026-06-22T21:52:00Z,14:52,849.6976666666668,912.2220690691466,845.88,0.9315,1.0045
2026-06-22T21:53:00Z,14:53,848.3379090909092,910.1524790947623,844.02,0.9321,1.0051
2026-06-22T21:54:00Z,14:54,846.2875,908.0672408465649,842.14,0.932,1.0049
2026-06-22T21:55:00Z,14:55,845.2934166666668,905.8830852089721,840.25,0.9331,1.006
2026-06-22T21:56:00Z,14:56,843.3710833333334,903.6793338910234,838.35,0.9333,1.006
2026-06-22T21:57:00Z,14:57,841.0986363636366,901.5434647713777,836.44,0.933,1.0056
2026-06-22T21:58:00Z,14:58,838.6508333333333,899.3962020919676,834.51,0.9325,1.005
2026-06-22T21:59:00Z,14:59,836.4256666666669,897.147198870483,832.56,0.9323,1.0046
2026-06-22T22:00:00Z,15:00,834.1083333333336,894.875602766383,830.6,0.9321,1.0042
2026-06-22T22:01:00Z,15:01,831.8340909090911,892.6835707276388,828.63,0.9318,1.0039
2026-06-22T22:02:00Z,15:02,830.1978333333335,890.4779506767882,826.65,0.9323,1.0043
2026-06-22T22:03:00Z,15:03,828.29525,888.161786077421,824.65,0.9326,1.0044
2026-06-22T22:04:00Z,15:04,825.9186666666668,885.826188742411,822.63,0.9324,1.004
2026-06-22T22:05:00Z,15:05,823.7401818181818,883.5691901924143,820.6,0.9323,1.0038
2026-06-22T22:06:00Z,15:06,821.2840000000001,881.3032815008892,818.56,0.9319,1.0033
2026-06-22T22:07:00Z,15:07,818.9205833333334,878.9172864524479,816.51,0.9317,1.003
2026-06-22T22:08:00Z,15:08,816.8073333333335,876.5184337310616,814.44,0.9319,1.0029
2026-06-22T22:09:00Z,15:09,814.4110000000001,874.2069137423299,812.36,0.9316,1.0025
2026-06-22T22:10:00Z,15:10,812.4030833333335,871.878199637818,810.27,0.9318,1.0026
2026-06-22T22:11:00Z,15:11,809.3945,869.4261709760781,808.16,0.931,1.0015
2026-06-22T22:12:00Z,15:12,807.5116666666669,866.971649990665,806.03,0.9314,1.0018
2026-06-22T22:13:00Z,15:13,805.1967272727275,864.6000579176706,803.9,0.9313,1.0016
2026-06-22T22:14:00Z,15:14,802.9823333333334,862.2091543572928,801.75,0.9313,1.0015
2026-06-22T22:15:00Z,15:15,800.4543333333335,859.7020967324084,799.59,0.9311,1.0011
2026-06-22T22:16:00Z,15:16,798.0975,857.1793949337103,797.41,0.9311,1.0009
2026-06-22T22:17:00Z,15:17,795.3217272727273,854.7443997509182,795.23,0.9305,1.0001
2026-06-22T22:18:00Z,15:18,792.844,852.2996522844229,793.02,0.9302,0.9998
2026-06-22T22:19:00Z,15:19,790.7175833333336,849.7352391228746,790.81,0.9305,0.9999
2026-06-22T22:20:00Z,15:20,787.3642727272727,847.2653540028223,788.58,0.9293,0.9985
2026-06-22T22:21:00Z,15:21,785.0295833333333,844.7693439838649,786.34,0.9293,0.9983
2026-06-22T22:22:00Z,15:22,782.5213333333335,842.1638581830476,784.09,0.9292,0.998
2026-06-22T22:23:00Z,15:23,779.9077500000002,839.5396958467745,781.82,0.929,0.9976
2026-06-22T22:24:00Z,15:24,778.1284545454546,836.9892175646281,779.54,0.9297,0.9982
2026-06-22T22:25:00Z,15:25,775.0163333333335,834.4488626611516,777.25,0.9288,0.9971
2026-06-22T22:26:00Z,15:26,772.080166666667,831.7807030291356,774.94,0.9282,0.9963
2026-06-22T22:27:00Z,15:27,769.4797500000003,829.0903015642881,772.63,0.9281,0.9959
2026-06-22T22:28:00Z,15:28,767.1474545454547,826.5011561084085,770.3,0.9282,0.9959
2026-06-22T22:29:00Z,15:29,764.2328333333334,823.905248165468,767.95,0.9276,0.9952
2026-06-22T22:30:00Z,15:30,760.59225,821.1640834028861,765.6,0.9262,0.9935
2026-06-22T22:31:00Z,15:31,758.2551666666668,818.4155737807614,763.23,0.9265,0.9935
2026-06-22T22:32:00Z,15:32,754.9168181818183,815.7488237767116,760.85,0.9254,0.9922
2026-06-22T22:33:00Z,15:33,751.9878333333336,813.0974463445426,758.46,0.9248,0.9915
2026-06-22T22:34:00Z,15:34,748.6632500000001,810.3100266776687,756.05,0.9239,0.9902
2026-06-22T22:35:00Z,15:35,745.5373636363638,807.6220740804393,753.63,0.9231,0.9893
2026-06-22T22:36:00Z,15:36,742.7645833333335,804.9220377896589,751.2,0.9228,0.9888
2026-06-22T22:37:00Z,15:37,739.677,802.1003488822457,748.76,0.9222,0.9879
2026-06-22T22:38:00Z,15:38,735.3451666666666,799.2528477995714,746.31,0.92,0.9853
2026-06-22T22:39:00Z,15:39,732.5957272727275,796.5100891145084,743.84,0.9198,0.9849
2026-06-22T22:40:00Z,15:40,729.86125,793.7616213276074,741.36,0.9195,0.9845
2026-06-22T22:41:00Z,15:41,726.5169166666668,790.8610684951649,738.87,0.9186,0.9833
2026-06-22T22:42:00Z,15:42,723.3240000000001,787.9661115793768,736.37,0.918,0.9823
2026-06-22T22:43:00Z,15:43,719.970090909091,785.1684387180965,733.86,0.917,0.9811
2026-06-22T22:44:00Z,15:44,715.7729166666668,782.3577726238283,731.33,0.9149,0.9787
2026-06-22T22:45:00Z,15:45,712.6458333333334,779.43044203834,728.79,0.9143,0.9778
2026-06-22T22:46:00Z,15:46,708.2876666666667,776.485490697319,726.24,0.9122,0.9753
2026-06-22T22:47:00Z,15:47,704.5866363636363,773.631369459565,723.68,0.9108,0.9736
2026-06-22T22:48:00Z,15:48,703.7780833333333,770.7821802057607,721.11,0.9131,0.976
2026-06-22T22:49:00Z,15:49,699.6174166666666,767.7977861198484,718.53,0.9112,0.9737
2026-06-22T22:50:00Z,15:50,695.4040833333333,764.8000141677952,715.93,0.9093,0.9713
2026-06-22T22:51:00Z,15:51,691.5085454545456,761.890718907309,713.32,0.9076,0.9694
2026-06-22T22:52:00Z,15:52,687.2473333333332,758.991780644165,710.7,0.9055,0.967
2026-06-22T22:53:00Z,15:53,683.0076666666668,755.9512261355616,708.07,0.9035,0.9646
2026-06-22T22:54:00Z,15:54,678.5238181818182,753.0138483927735,705.43,0.9011,0.9619
2026-06-22T22:55:00Z,15:55,674.4888333333333,750.0733628473267,702.78,0.8992,0.9597
2026-06-22T22:56:00Z,15:56,670.3215833333333,746.9947445987682,700.12,0.8974,0.9574
2026-06-22T22:57:00Z,15:57,665.7593333333335,743.8990471173092,697.44,0.895,0.9546
2026-06-22T22:58:00Z,15:58,661.8332727272729,740.9117686128492,694.75,0.8933,0.9526
2026-06-22T22:59:00Z,15:59,658.2214166666668,737.9283729727558,692.06,0.892,0.9511
2026-06-22T23:00:00Z,16:00,653.5472500000002,734.7997033589137,689.35,0.8894,0.9481
2026-06-22T23:01:00Z,16:01,649.3734166666667,731.6413248378389,686.63,0.8876,0.9457
2026-06-22T23:02:00Z,16:02,645.3797272727275,728.6138222734812,683.9,0.8858,0.9437
2026-06-22T23:03:00Z,16:03,641.2956666666666,725.5629470084758,681.16,0.8839,0.9415
2026-06-22T23:04:00Z,16:04,637.2074166666667,722.3809856311613,678.41,0.8821,0.9393
2026-06-22T23:05:00Z,16:05,633.8960000000001,719.1910485510833,675.65,0.8814,0.9382
2026-06-22T23:06:00Z,16:06,630.3122727272729,716.1199588617075,672.88,0.8802,0.9367
2026-06-22T23:07:00Z,16:07,627.1744166666667,713.0287909257667,670.09,0.8796,0.936
2026-06-22T23:08:00Z,16:08,623.784,709.8079091750618,667.3,0.8788,0.9348
2026-06-22T23:09:00Z,16:09,620.588090909091,706.6991274800997,664.5,0.8782,0.9339
2026-06-22T23:10:00Z,16:10,619.18225,703.569556526411,661.68,0.8801,0.9358
2026-06-22T23:11:00Z,16:11,617.0558333333335,700.3095845838129,658.86,0.8811,0.9366
2026-06-22T23:12:00Z,16:12,613.0400000000001,697.0200682756791,656.02,0.8795,0.9345
2026-06-22T23:13:00Z,16:13,611.3450909090909,693.8734622609328,653.18,0.8811,0.936
2026-06-22T23:14:00Z,16:14,608.0761666666667,690.7201804884293,650.33,0.8804,0.935
2026-06-22T23:15:00Z,16:15,606.5751666666669,687.4057576464194,647.46,0.8824,0.9369
2026-06-22T23:16:00Z,16:16,603.9023333333334,684.0799213710751,644.59,0.8828,0.9369
2026-06-22T23:17:00Z,16:17,603.9909090909091,680.8896085032286,641.7,0.8871,0.9412
2026-06-22T23:18:00Z,16:18,600.5909166666667,677.6809601299643,638.81,0.8862,0.9402
2026-06-22T23:19:00Z,16:19,599.2281666666667,674.3177088302614,635.9,0.8886,0.9423
2026-06-22T23:20:00Z,16:20,597.10175,670.9571031020422,632.99,0.8899,0.9433
2026-06-22T23:21:00Z,16:21,595.0926363636364,667.7134149002218,630.07,0.8912,0.9445
2026-06-22T23:22:00Z,16:22,592.6645833333334,664.470434299134,627.13,0.8919,0.945
2026-06-22T23:23:00Z,16:23,591.4795833333335,661.0780758099241,624.19,0.8947,0.9476
2026-06-22T23:24:00Z,16:24,589.4405454545456,657.8045255382372,621.24,0.8961,0.9488
2026-06-22T23:25:00Z,16:25,586.7922500000001,654.5265291493293,618.28,0.8965,0.9491
2026-06-22T23:26:00Z,16:26,584.2313333333334,651.1032384098013,615.31,0.8973,0.9495
2026-06-22T23:27:00Z,16:27,582.0325000000001,647.6554586648643,612.33,0.8987,0.9505
2026-06-22T23:28:00Z,16:28,579.2926363636365,644.350076357654,609.34,0.899,0.9507
2026-06-22T23:29:00Z,16:29,575.8639166666668,641.0441162855806,606.34,0.8983,0.9497
2026-06-22T23:30:00Z,16:30,571.82175,637.56633352111,603.33,0.8969,0.9478
2026-06-22T23:31:00Z,16:31,570.7881666666667,634.0878581125168,600.32,0.9002,0.9508
2026-06-22T23:32:00Z,16:32,567.6868181818182,630.7431765245182,597.29,0.9,0.9504
2026-06-22T23:33:00Z,16:33,564.297,627.3961918043549,594.26,0.8994,0.9496
2026-06-22T23:34:00Z,16:34,560.7025000000001,623.8841158961181,591.22,0.8987,0.9484
2026-06-22T23:35:00Z,16:35,557.1738333333334,620.3766614679436,588.17,0.8981,0.9473
2026-06-22T23:36:00Z,16:36,553.5242727272727,617.0001576185026,585.11,0.8971,0.946
2026-06-22T23:37:00Z,16:37,550.8011666666667,613.5977705103772,582.04,0.8977,0.9463
2026-06-22T23:38:00Z,16:38,546.5878333333334,610.0626304544754,578.96,0.896,0.9441
2026-06-22T23:39:00Z,16:39,542.7036666666668,606.5134106664785,575.88,0.8948,0.9424
2026-06-22T23:40:00Z,16:40,540.0224545454546,603.106208166983,572.79,0.8954,0.9428
2026-06-22T23:41:00Z,16:41,535.8965000000001,599.6790359334599,569.68,0.8936,0.9407
2026-06-22T23:42:00Z,16:42,530.3665000000001,596.1032592388491,566.58,0.8897,0.9361
2026-06-22T23:43:00Z,16:43,527.8779999999999,592.6669132703643,563.46,0.8907,0.9369
2026-06-22T23:44:00Z,16:44,525.5277500000001,589.1943339695321,560.33,0.8919,0.9379
2026-06-22T23:45:00Z,16:45,523.7305,585.5977087671275,557.2,0.8944,0.9399
2026-06-22T23:46:00Z,16:46,520.2545,581.9876163852713,554.06,0.8939,0.939
2026-06-22T23:47:00Z,16:47,516.9831818181818,578.5008202012453,550.91,0.8937,0.9384
2026-06-22T23:48:00Z,16:48,512.9470000000001,575.0285588021476,547.75,0.892,0.9365
2026-06-22T23:49:00Z,16:49,509.2405833333334,571.3989007530018,544.59,0.8912,0.9351
2026-06-22T23:50:00Z,16:50,506.5875000000001,567.7561394988469,541.42,0.8923,0.9357
2026-06-22T23:51:00Z,16:51,502.8278181818183,564.2540409806334,538.24,0.8911,0.9342
2026-06-22T23:52:00Z,16:52,499.122,560.7404269906068,535.05,0.8901,0.9329
2026-06-22T23:53:00Z,16:53,495.88958333333335,557.0743874606395,531.86,0.8902,0.9324
2026-06-22T23:54:00Z,16:54,492.32141666666683,553.3855669909037,528.65,0.8897,0.9313
2026-06-22T23:55:00Z,16:55,488.97409090909093,549.863204359272,525.45,0.8893,0.9306
2026-06-22T23:56:00Z,16:56,486.06725000000006,546.3265377169209,522.23,0.8897,0.9308
2026-06-22T23:57:00Z,16:57,482.2818333333334,542.6357557385653,519.01,0.8888,0.9292
2026-06-22T23:58:00Z,16:58,478.7005,538.9175128099633,515.78,0.8883,0.9281
2026-06-22T23:59:00Z,16:59,475.9175454545455,535.3564987471709,512.54,0.889,0.9285
2026-06-23T00:00:00Z,17:00,472.2225,531.7985101119319,509.08,0.888,0.9276
2026-06-23T00:01:00Z,17:01,468.37783333333346,528.0696067076082,505.83,0.887,0.926
2026-06-23T00:02:00Z,17:02,464.599,524.3236780672877,502.57,0.8861,0.9244
2026-06-23T00:03:00Z,17:03,461.86990909090906,520.7463119794015,499.31,0.8869,0.925
2026-06-23T00:04:00Z,17:04,458.64766666666674,517.1581838142022,496.04,0.8869,0.9246
2026-06-23T00:05:00Z,17:05,453.98008333333337,513.3928148875171,492.77,0.8843,0.9213
2026-06-23T00:06:00Z,17:06,450.82666666666665,509.62610170087873,489.49,0.8846,0.921
2026-06-23T00:07:00Z,17:07,447.657090909091,506.0063778606047,486.2,0.8847,0.9207
2026-06-23T00:08:00Z,17:08,444.1775,502.3869332088544,482.91,0.8841,0.9198
2026-06-23T00:09:00Z,17:09,440.8134166666667,498.61759520406616,479.61,0.8841,0.9191
2026-06-23T00:10:00Z,17:10,438.19145454545463,494.9757882768024,476.3,0.8853,0.92
2026-06-23T00:11:00Z,17:11,433.9338333333333,491.3449030282361,472.99,0.8832,0.9174
2026-06-23T00:12:00Z,17:12,429.91141666666675,487.5535242434448,469.68,0.8818,0.9153
2026-06-23T00:13:00Z,17:13,426.58025000000004,483.7411125750896,466.36,0.8818,0.9147
2026-06-23T00:14:00Z,17:14,422.67154545454554,480.08659907435975,463.03,0.8804,0.9128
2026-06-23T00:15:00Z,17:15,420.9185833333333,476.44219765756117,459.7,0.8835,0.9156
2026-06-23T00:16:00Z,17:16,416.81058333333334,472.6246740931376,456.36,0.8819,0.9133
2026-06-23T00:17:00Z,17:17,413.03174999999993,468.79171429026763,453.01,0.8811,0.9117
2026-06-23T00:18:00Z,17:18,409.22718181818186,465.1274981463035,449.67,0.8798,0.9101
2026-06-23T00:19:00Z,17:19,405.4609166666667,461.4445968476006,446.31,0.8787,0.9085
2026-06-23T00:20:00Z,17:20,402.10999999999996,457.6081145863703,442.95,0.8787,0.9078
2026-06-23T00:21:00Z,17:21,398.8183333333334,453.7723625581473,439.59,0.8789,0.9072
2026-06-23T00:22:00Z,17:22,395.5242727272728,450.0838757403855,436.22,0.8788,0.9067
2026-06-23T00:23:00Z,17:23,391.80050000000006,446.39671395878804,432.85,0.8777,0.9052
2026-06-23T00:24:00Z,17:24,388.4693333333333,442.54863468165087,429.47,0.8778,0.9045
2026-06-23T00:25:00Z,17:25,384.4469166666667,438.6966860804716,426.09,0.8763,0.9023
2026-06-23T00:26:00Z,17:26,382.3384545454546,434.98122720713513,422.71,0.879,0.9045
2026-06-23T00:27:00Z,17:27,378.00841666666673,431.2809732404212,419.32,0.8765,0.9015
2026-06-23T00:28:00Z,17:28,374.84841666666676,427.40785532353306,415.92,0.877,0.9012
2026-06-23T00:29:00Z,17:29,371.28563636363646,423.6873407611965,412.52,0.8763,0.9
2026-06-23T00:30:00Z,17:30,368.44283333333345,419.9834363339978,409.12,0.8773,0.9006
2026-06-23T00:31:00Z,17:31,364.86150000000004,416.11675603691134,405.71,0.8768,0.8993
2026-06-23T00:32:00Z,17:32,360.7995833333334,412.23135337933354,402.3,0.8752,0.8968
2026-06-23T00:33:00Z,17:33,357.8053636363636,408.5101723733747,398.89,0.8759,0.897
2026-06-23T00:34:00Z,17:34,353.32091666666673,404.7957036507657,395.47,0.8728,0.8934
2026-06-23T00:35:00Z,17:35,351.56316666666675,400.90803155354206,392.05,0.8769,0.8967
2026-06-23T00:36:00Z,17:36,348.05424999999997,397.0074685339648,388.63,0.8767,0.8956
2026-06-23T00:37:00Z,17:37,344.7200909090909,393.2817976650038,385.2,0.8765,0.8949
2026-06-23T00:38:00Z,17:38,340.9376666666667,389.56005658497475,381.77,0.8752,0.893
2026-06-23T00:39:00Z,17:39,338.17925,385.64322738942195,378.34,0.8769,0.8938
2026-06-23T00:40:00Z,17:40,333.59725000000003,381.7565517729035,374.91,0.8738,0.8898
2026-06-23T00:41:00Z,17:41,330.9597272727273,378.02352037279366,371.47,0.8755,0.891
2026-06-23T00:42:00Z,17:42,328.13966666666676,374.2705337575728,368.03,0.8767,0.8916
2026-06-23T00:43:00Z,17:43,324.8150833333334,370.3748225339721,364.58,0.877,0.8909
2026-06-23T00:44:00Z,17:44,320.7136666666666,366.47822521752914,361.14,0.8751,0.8881
2026-06-23T00:45:00Z,17:45,317.7954545454546,362.7341782499962,357.69,0.8761,0.8885
2026-06-23T00:46:00Z,17:46,314.51875,358.9958787040455,354.24,0.8761,0.8879
2026-06-23T00:47:00Z,17:47,310.72675000000004,355.09232690163157,350.79,0.8751,0.8858
2026-06-23T00:48:00Z,17:48,306.4984545454546,351.35927015721626,347.33,0.8723,0.8824
2026-06-23T00:49:00Z,17:49,302.3264166666667,347.6083832454305,343.88,0.8697,0.8792
2026-06-23T00:50:00Z,17:50,299.0874166666667,343.71011373144523,340.42,0.8702,0.8786
2026-06-23T00:51:00Z,17:51,294.6831666666667,339.8122396464202,336.96,0.8672,0.8745
2026-06-23T00:52:00Z,17:52,290.641,336.08553478677345,333.5,0.8648,0.8715
2026-06-23T00:53:00Z,17:53,286.2301666666667,332.3258445118537,330.04,0.8613,0.8673
2026-06-23T00:54:00Z,17:54,281.4111666666667,328.43551499300924,326.58,0.8568,0.8617
2026-06-23T00:55:00Z,17:55,276.62508333333335,324.5251873726309,323.12,0.8524,0.8561
2026-06-23T00:56:00Z,17:56,272.8803636363637,320.7890736437153,319.65,0.8507,0.8537
2026-06-23T00:57:00Z,17:57,268.3169166666667,317.06361776382647,316.19,0.8463,0.8486
2026-06-23T00:58:00Z,17:58,264.17600000000004,313.1738793637996,312.72,0.8435,0.8448
2026-06-23T00:59:00Z,17:59,260.93700000000007,309.26500609718863,309.26,0.8437,0.8438
2026-06-23T01:00:00Z,18:00,256.83618181818184,305.54051510225156,305.79,0.8406,0.8399
2026-06-23T01:01:00Z,18:01,253.42541666666668,301.81351956455705,302.33,0.8397,0.8382
2026-06-23T01:02:00Z,18:02,250.06791666666672,297.91726016517833,298.86,0.8394,0.8367
2026-06-23T01:03:00Z,18:03,246.78283333333331,294.0397852471446,295.4,0.8393,0.8354
2026-06-23T01:04:00Z,18:04,243.8658181818182,290.3245209307559,291.93,0.84,0.8354
2026-06-23T01:05:00Z,18:05,241.6939166666667,286.58948528059136,288.47,0.8433,0.8379
2026-06-23T01:06:00Z,18:06,238.44175000000004,282.7168109436077,285.0,0.8434,0.8366
2026-06-23T01:07:00Z,18:07,235.79345454545455,278.99371350169196,281.54,0.8452,0.8375
2026-06-23T01:08:00Z,18:08,234.15600000000003,275.28793483742123,278.08,0.8506,0.842
2026-06-23T01:09:00Z,18:09,231.22641666666672,271.4275153497549,274.62,0.8519,0.842
2026-06-23T01:10:00Z,18:10,228.65233333333333,267.56659184231927,271.16,0.8546,0.8432
2026-06-23T01:11:00Z,18:11,226.31345454545456,263.8803308744862,267.71,0.8576,0.8454
2026-06-23T01:12:00Z,18:12,223.95183333333333,260.2046617762562,264.25,0.8607,0.8475
2026-06-23T01:13:00Z,18:13,221.77275,256.35390468867394,260.8,0.8651,0.8504
2026-06-23T01:14:00Z,18:14,219.04725000000005,252.524637499982,257.35,0.8674,0.8512
2026-06-23T01:15:00Z,18:15,216.30200000000002,248.85926076876893,253.9,0.8692,0.8519
2026-06-23T01:16:00Z,18:16,213.06300000000002,245.19090144507837,250.45,0.869,0.8507
2026-06-23T01:17:00Z,18:17,210.29800000000003,241.37000591039657,247.01,0.8713,0.8514
2026-06-23T01:18:00Z,18:18,207.17091666666667,237.56650757864193,243.57,0.8721,0.8506
2026-06-23T01:19:00Z,18:19,204.10727272727271,233.914326209737,240.13,0.8726,0.85
2026-06-23T01:20:00Z,18:20,202.09516666666664,230.27542050172926,236.7,0.8776,0.8538
2026-06-23T01:21:00Z,18:21,199.61983333333333,226.49949346303762,233.27,0.8813,0.8557
2026-06-23T01:22:00Z,18:22,197.04036363636368,222.8702317388818,229.84,0.8841,0.8573
2026-06-23T01:23:00Z,18:23,194.59016666666665,219.24402544041234,226.42,0.8876,0.8594
2026-06-23T01:24:00Z,18:24,192.049,215.48830342696309,223.01,0.8912,0.8612
2026-06-23T01:25:00Z,18:25,189.20500000000007,211.7114533511842,219.59,0.8937,0.8616
2026-06-23T01:26:00Z,18:26,186.71290909090914,208.1285972503634,216.19,0.8971,0.8637
2026-06-23T01:27:00Z,18:27,184.29383333333337,204.53219748321388,212.78,0.9011,0.8661
2026-06-23T01:28:00Z,18:28,181.38400000000001,200.81559268731075,209.38,0.9032,0.8663
2026-06-23T01:29:00Z,18:29,178.30300000000005,197.2508043837727,205.99,0.9039,0.8656
2026-06-23T01:30:00Z,18:30,175.3865833333334,193.69663704569095,202.61,0.9055,0.8656
2026-06-23T01:31:00Z,18:31,171.9369166666667,189.998131620657,199.23,0.9049,0.863
2026-06-23T01:32:00Z,18:32,168.47408333333337,186.30688238723164,195.85,0.9043,0.8602
2026-06-23T01:33:00Z,18:33,165.1459090909091,182.79859673540773,192.49,0.9034,0.858
2026-06-23T01:34:00Z,18:34,162.10141666666667,179.28492579320042,189.13,0.9042,0.8571
2026-06-23T01:35:00Z,18:35,158.54641666666666,175.6172834676753,185.78,0.9028,0.8534
2026-06-23T01:36:00Z,18:36,155.472,172.1384528591751,182.43,0.9032,0.8522
2026-06-23T01:37:00Z,18:37,152.36466666666666,168.6874037655284,179.09,0.9032,0.8508
2026-06-23T01:38:00Z,18:38,148.95450000000002,165.09655391383262,175.77,0.9022,0.8475
2026-06-23T01:39:00Z,18:39,145.71550000000002,161.51145888641574,172.45,0.9022,0.845
2026-06-23T01:40:00Z,18:40,143.01154545454548,158.0995709454198,169.14,0.9046,0.8455
2026-06-23T01:41:00Z,18:41,140.69241666666667,154.70672940140972,165.83,0.9094,0.8484
2026-06-23T01:42:00Z,18:42,138.092,151.17646695011697,162.54,0.9134,0.8496
2026-06-23T01:43:00Z,18:43,136.37375,147.6442523785735,159.26,0.9237,0.8563
2026-06-23T01:44:00Z,18:44,133.7757272727273,144.2981064973196,155.99,0.9271,0.8576
2026-06-23T01:45:00Z,18:45,131.00833333333335,140.9553173588702,152.73,0.9294,0.8578
2026-06-23T01:46:00Z,18:46,127.76275000000003,137.48731452395774,149.48,0.9293,0.8547
2026-06-23T01:47:00Z,18:47,124.69491666666669,134.05608087823447,146.25,0.9302,0.8526
2026-06-23T01:48:00Z,18:48,121.99036363636365,130.78614861205247,143.02,0.9327,0.8529
2026-06-23T01:49:00Z,18:49,119.60600000000001,127.53264355830187,139.81,0.9378,0.8555
2026-06-23T01:50:00Z,18:50,116.97925000000002,124.14529095719139,136.61,0.9423,0.8563
2026-06-23T01:51:00Z,18:51,113.91800000000002,120.79895277833306,133.43,0.943,0.8538
2026-06-23T01:52:00Z,18:52,109.94645454545457,117.60784955584704,130.26,0.9349,0.8441
2026-06-23T01:53:00Z,18:53,105.76125000000002,114.43231685951945,127.1,0.9242,0.8321
2026-06-23T01:54:00Z,18:54,102.12066666666668,111.15185517832248,123.96,0.9187,0.8238
2026-06-23T01:55:00Z,18:55,99.23716666666668,107.9014732210735,120.84,0.9197,0.8212
2026-06-23T01:56:00Z,18:56,96.94018181818183,104.80537020886376,117.73,0.925,0.8234
2026-06-23T01:57:00Z,18:57,94.94483333333335,101.73667191319839,114.64,0.9332,0.8282
2026-06-23T01:58:00Z,18:58,92.68016666666666,98.55721034899663,111.57,0.9404,0.8307
2026-06-23T01:59:00Z,18:59,90.78416666666668,95.41111132372221,108.51,0.9515,0.8366
2026-06-23T02:00:00Z,19:00,88.9468181818182,92.42247540938583,105.48,0.9624,0.8433
2026-06-23T02:01:00Z,19:01,87.38058333333333,89.45616745992129,102.46,0.9768,0.8528
2026-06-23T02:02:00Z,19:02,85.58991666666668,86.39191844903384,99.47,0.9907,0.8605
2026-06-23T02:03:00Z,19:03,83.63945454545456,83.49691136337066,96.49,1.0017,0.8668
2026-06-23T02:04:00Z,19:04,81.25808333333335,80.61416332166591,93.54,1.008,0.8687
2026-06-23T02:05:00Z,19:05,78.51283333333335,77.65303997505411,90.61,1.0111,0.8665
2026-06-23T02:06:00Z,19:06,76.10991666666668,74.72785596851467,87.71,1.0185,0.8678
2026-06-23T02:07:00Z,19:07,74.00863636363637,71.95585594483792,84.82,1.0285,0.8725
2026-06-23T02:08:00Z,19:08,72.48908333333334,69.22098610362067,81.97,1.0472,0.8843
2026-06-23T02:09:00Z,19:09,70.75766666666667,66.40746450037433,79.14,1.0655,0.8941
2026-06-23T02:10:00Z,19:10,69.28958333333335,63.627049548354414,76.34,1.089,0.9077
2026-06-23T02:11:00Z,19:11,67.85381818181818,61.01567417388957,73.57,1.1121,0.9224
2026-06-23T02:12:00Z,19:12,66.34683333333334,58.443872813579894,70.82,1.1352,0.9368
2026-06-23T02:13:00Z,19:13,64.65491666666667,55.800042597227076,68.11,1.1587,0.9493
2026-06-23T02:14:00Z,19:14,63.04200000000001,53.19132696343382,65.43,1.1852,0.9635
2026-06-23T02:15:00Z,19:15,61.699000000000005,50.74465100439675,62.78,1.2159,0.9828
2026-06-23T02:16:00Z,19:16,60.21775,48.35000935994227,60.17,1.2455,1.0009
2026-06-23T02:17:00Z,19:17,58.65091666666668,45.889316946690435,57.59,1.2781,1.0185
2026-06-23T02:18:00Z,19:18,57.14991666666668,43.47984881727524,55.04,1.3144,1.0383
2026-06-23T02:19:00Z,19:19,55.565727272727266,41.226122128387516,52.54,1.3478,1.0576
2026-06-23T02:20:00Z,19:20,53.81216666666668,39.02169706911898,50.07,1.379,1.0746
2026-06-23T02:21:00Z,19:21,52.219000000000015,36.77288073433415,47.65,1.42,1.0959
2026-06-23T02:22:00Z,19:22,50.46125000000001,34.57223936614391,45.27,1.4596,1.1147
2026-06-23T02:23:00Z,19:23,48.635272727272735,32.526273910425715,42.93,1.4953,1.1329
2026-06-23T02:24:00Z,19:24,46.675833333333344,30.53591611802864,40.64,1.5286,1.1485
2026-06-23T02:25:00Z,19:25,44.714000000000006,28.511270478341817,38.39,1.5683,1.1646
2026-06-23T02:26:00Z,19:26,43.02208333333334,26.557970804787974,36.2,1.6199,1.1885
2026-06-23T02:27:00Z,19:27,41.62581818181818,24.74551111725369,34.05,1.6822,1.2224
2026-06-23T02:28:00Z,19:28,40.211000000000006,22.9951698977045,31.96,1.7487,1.2581
2026-06-23T02:29:00Z,19:29,38.67708333333334,21.22960798226097,29.92,1.8218,1.2926
2026-06-23T02:30:00Z,19:30,37.18925,19.537716197257463,27.94,1.9035,1.3311
2026-06-23T02:31:00Z,19:31,35.822909090909086,17.983187975914685,26.01,1.992,1.3771
2026-06-23T02:32:00Z,19:32,34.523,16.487324359345674,24.15,2.0939,1.4296
2026-06-23T02:33:00Z,19:33,33.239250000000006,14.999599848601468,22.35,2.216,1.4875
2026-06-23T02:34:00Z,19:34,32.10272727272727,13.647727722883259,20.61,2.3522,1.558
2026-06-23T02:35:00Z,19:35,30.928500000000003,12.354831958814648,18.93,2.5034,1.6338
2026-06-23T02:36:00Z,19:36,29.802750000000003,11.088598234223959,17.32,2.6877,1.7204
2026-06-23T02:37:00Z,19:37,28.663833333333333,9.899581893621194,15.78,2.8955,1.8159
2026-06-23T02:38:00Z,19:38,27.571,8.823765956597965,14.32,3.1246,1.9258
2026-06-23T02:39:00Z,19:39,26.557166666666664,7.824482776380562,12.92,3.3941,2.0553
2026-06-23T02:40:00Z,19:40,25.477500000000003,6.85750019329027,11.6,3.7153,2.1964
2026-06-23T02:41:00Z,19:41,24.391250000000003,5.9635265905826325,10.35,4.0901,2.3561
2026-06-23T02:42:00Z,19:42,23.398363636363637,5.174583829844393,9.18,4.5218,2.5484
2026-06-23T02:43:00Z,19:43,22.422833333333333,4.457523358376657,8.09,5.0303,2.7724
2026-06-23T02:44:00Z,19:44,21.415583333333334,3.778899098503894,7.07,5.6671,3.0285
2026-06-23T02:45:00Z,19:45,20.375416666666666,3.169253222586636,6.13,6.4291,3.3224
2026-06-23T02:46:00Z,19:46,19.448363636363638,2.6514388206946107,5.27,7.335,3.6892
2026-06-23T02:47:00Z,19:47,18.505750000000003,2.1918358716552007,4.49,8.443,4.1237
2026-06-23T02:48:00Z,19:48,17.551166666666667,1.7738676013130046,3.78,9.8943,4.6435
2026-06-23T02:49:00Z,19:49,16.609750000000002,1.4159902742677286,3.15,11.7301,5.2793
2026-06-23T02:50:00Z,19:50,15.728181818181817,1.122324305086111,2.59,14.0139,6.084
2026-06-23T02:51:00Z,19:51,14.634750000000002,0.876304714004768,2.09,16.7005,6.9893
2026-06-23T02:52:00Z,19:52,13.456333333333333,0.6641974029425334,1.67,20.2595,8.0623
2026-06-23T02:53:00Z,19:53,12.611272727272729,0.498631787993258,1.31,25.2918,9.6498
2026-06-23T02:54:00Z,19:54,11.90925,0.366139755939596,1.0,32.5265,11.8735
2026-06-23T02:55:00Z,19:55,11.165333333333335,0.2591213839100301,0.75,43.0892,14.8371
2026-06-23T02:56:00Z,19:56,10.474083333333335,0.17795729624474044,0.55,58.8573,19.0384
2026-06-23T02:57:00Z,19:57,9.860636363636365,0.12028524544722802,0.39,81.9771,25.2638
2026-06-23T02:58:00Z,19:58,9.2035,0.07880610110611888,0.27,116.7866,34.4384
2026-06-23T02:59:00Z,19:59,8.466166666666666,0.04853952420661877,0.18,174.418,48.3115
2026-06-23T03:00:00Z,20:00,7.774916666666667,0.028375464020477748,0.11,274.0014,71.495
2026-06-23T03:01:00Z,20:01,7.174636363636364,0.015874621333014944,0.06,451.9564,114.6743
2026-06-23T03:02:00Z,20:02,6.596500000000002,0.008194555461297945,0.03,804.9857,206.1702
2026-06-23T03:03:00Z,20:03,5.997416666666666,0.003489476054025893,0.01,1718.7155,463.0206
2026-06-23T03:04:00Z,20:04,5.4510000000000005,0.000974629470628585,0.0,5592.8947,2678.6476
2026-06-23T03:05:00Z,20:05,4.941090909090911,1.9468546984238553e-05,0.0,253798.6483,
2026-06-23T03:06:00Z,20:06,4.456916666666666,0.0,0.0,,
2026-06-23T03:07:00Z,20:07,3.9960833333333343,0.0,0.0,,
2026-06-23T03:08:00Z,20:08,3.561583333333333,0.0,0.0,,
2026-06-23T03:09:00Z,20:09,3.1743636363636365,0.0,0.0,,
2026-06-23T03:10:00Z,20:10,2.811083333333334,0.0,0.0,,
2026-06-23T03:11:00Z,20:11,2.4687500000000004,0.0,0.0,,
2026-06-23T03:12:00Z,20:12,2.168909090909091,0.0,0.0,,
2026-06-23T03:13:00Z,20:13,1.8960000000000001,0.0,0.0,,
2026-06-23T03:14:00Z,20:14,1.632666666666667,0.0,0.0,,
2026-06-23T03:15:00Z,20:15,1.4022500000000002,0.0,0.0,,
2026-06-23T03:16:00Z,20:16,1.2065454545454548,0.0,0.0,,
2026-06-23T03:17:00Z,20:17,1.0270000000000001,0.0,0.0,,
2026-06-23T03:18:00Z,20:18,0.8624166666666664,0.0,0.0,,
2026-06-23T03:19:00Z,20:19,0.7241666666666667,0.0,0.0,,
2026-06-23T03:20:00Z,20:20,0.5960909090909091,0.0,0.0,,
2026-06-23T03:21:00Z,20:21,0.49375000000000013,0.0,0.0,,
2026-06-23T03:22:00Z,20:22,0.4081666666666666,0.0,0.0,,
2026-06-23T03:23:00Z,20:23,0.3225833333333333,0.0,0.0,,
2026-06-23T03:24:00Z,20:24,0.25854545454545463,0.0,0.0,,
2026-06-23T03:25:00Z,20:25,0.21066666666666667,0.0,0.0,,
2026-06-23T03:26:00Z,20:26,0.158,0.0,0.0,,
2026-06-23T03:27:00Z,20:27,0.12508333333333335,0.0,0.0,,
2026-06-23T03:28:00Z,20:28,0.079,0.0,0.0,,
2026-06-23T03:29:00Z,20:29,0.079,0.0,0.0,,
2026-06-23T03:30:00Z,20:30,0.07241666666666667,0.0,0.0,,
